File,Source_Contract,Source_Function,Target_Contract,Chain
LinearPoolRebalancer.sol,LinearPoolRebalancer,rebalanceWithExtraMain,LinearPoolRebalancer,No chain
LinearPoolRebalancer.sol,LinearPoolRebalancer,rebalanceWithExtraMain,LinearPoolRebalancer,No chain
LinearPoolRebalancer.sol,LinearPoolRebalancer,rebalanceWithExtraMain,LinearPoolRebalancer,No chain
LinearPoolRebalancer.sol,LinearPoolRebalancer,_rebalanceLackOfMainToken,LinearPoolRebalancer,No chain
LinearPoolRebalancer.sol,LinearPoolRebalancer,_rebalanceLackOfMainToken,LinearPoolRebalancer,No chain
LinearPoolRebalancer.sol,LinearPoolRebalancer,_rebalanceExcessOfMainToken,LinearPoolRebalancer,No chain
LinearPoolRebalancer.sol,LinearPoolRebalancer,_rebalanceExcessOfMainToken,LinearPoolRebalancer,No chain
LinearPool.sol,LinearPool,constructor,LinearPool,No Chain
LinearPool.sol,LinearPool,initialize,LinearPool,No chain
LinearPool.sol,LinearPool,initialize,LinearPool,No chain
LinearPool.sol,LinearPool,_swapGivenMainIn,LinearPool,No chain
LinearPool.sol,LinearPool,_swapGivenMainIn,LinearPool,No chain
LinearPool.sol,LinearPool,_swapGivenMainIn,LinearPool,No chain
LinearPool.sol,LinearPool,_swapGivenMainIn,LinearPool,No chain
LinearPool.sol,LinearPool,_swapGivenMainIn,LinearPool,No chain
LinearPool.sol,LinearPool,_swapGivenMainIn,LinearPool,No chain
LinearPool.sol,LinearPool,_swapGivenMainIn,LinearPool,No chain
LinearPool.sol,LinearPool,_swapGivenMainIn,LinearPool,No chain
LinearPool.sol,LinearPool,_swapGivenMainIn,LinearPool,No chain
LinearPool.sol,LinearPool,_swapGivenMainIn,LinearPool,No chain
LinearPool.sol,LinearPool,_swapGivenWrappedIn,LinearPool,No chain
LinearPool.sol,LinearPool,_swapGivenWrappedIn,LinearPool,No chain
LinearPool.sol,LinearPool,_swapGivenWrappedIn,LinearPool,No chain
LinearPool.sol,LinearPool,_swapGivenWrappedIn,LinearPool,No chain
LinearPool.sol,LinearPool,_swapGivenWrappedIn,LinearPool,No chain
LinearPool.sol,LinearPool,_swapGivenWrappedIn,LinearPool,No chain
LinearPool.sol,LinearPool,_swapGivenWrappedIn,LinearPool,No chain
LinearPool.sol,LinearPool,_swapGivenWrappedIn,LinearPool,No chain
LinearPool.sol,LinearPool,_swapGivenWrappedIn,LinearPool,No chain
LinearPool.sol,LinearPool,_swapGivenWrappedIn,LinearPool,No chain
LinearPool.sol,LinearPool,_swapGivenMainOut,LinearPool,No chain
LinearPool.sol,LinearPool,_swapGivenMainOut,LinearPool,No chain
LinearPool.sol,LinearPool,_swapGivenMainOut,LinearPool,No chain
LinearPool.sol,LinearPool,_swapGivenMainOut,LinearPool,No chain
LinearPool.sol,LinearPool,_swapGivenMainOut,LinearPool,No chain
LinearPool.sol,LinearPool,_swapGivenMainOut,LinearPool,No chain
LinearPool.sol,LinearPool,_swapGivenMainOut,LinearPool,No chain
LinearPool.sol,LinearPool,_swapGivenMainOut,LinearPool,No chain
LinearPool.sol,LinearPool,_swapGivenMainOut,LinearPool,No chain
LinearPool.sol,LinearPool,_swapGivenMainOut,LinearPool,No chain
LinearPool.sol,LinearPool,_swapGivenWrappedOut,LinearPool,No chain
LinearPool.sol,LinearPool,_swapGivenWrappedOut,LinearPool,No chain
LinearPool.sol,LinearPool,_swapGivenWrappedOut,LinearPool,No chain
LinearPool.sol,LinearPool,_swapGivenWrappedOut,LinearPool,No chain
LinearPool.sol,LinearPool,_swapGivenWrappedOut,LinearPool,No chain
LinearPool.sol,LinearPool,_swapGivenWrappedOut,LinearPool,No chain
LinearPool.sol,LinearPool,_swapGivenWrappedOut,LinearPool,No chain
LinearPool.sol,LinearPool,_swapGivenWrappedOut,LinearPool,No chain
LinearPool.sol,LinearPool,_swapGivenWrappedOut,LinearPool,No chain
LinearPool.sol,LinearPool,_swapGivenWrappedOut,LinearPool,No chain
LinearPool.sol,LinearPool,_onInitializePool,LinearPool,No chain
LinearPool.sol,LinearPool,_onInitializePool,LinearPool,No chain
LinearPool.sol,LinearPool,_onInitializePool,LinearPool,No chain
LinearPool.sol,LinearPool,_onInitializePool,LinearPool,No chain
LinearPool.sol,LinearPool,_scalingFactor,LinearPool,No chain
LinearPool.sol,LinearPool,_scalingFactor,LinearPool,No chain
LinearPool.sol,LinearPool,setTargets,LinearPool,authenticate
LinearPool.sol,LinearPool,setTargets,LinearPool,whenNotInVaultContext
LinearPool.sol,LinearPool,_setTargets,LinearPool,TargetsSet
LinearPool.sol,LinearPool,setSwapFeePercentage,LinearPool,authenticate
LinearPool.sol,LinearPool,setSwapFeePercentage,LinearPool,whenNotInVaultContext
LinearPool.sol,LinearPool,_setSwapFeePercentage,LinearPool,SwapFeePercentageChanged
LinearPool.sol,LinearPool,getVirtualSupply,LinearPool,No chain
LinearPool.sol,LinearPool,getVirtualSupply,LinearPool,No chain
LinearPool.sol,LinearPool,_setRecoveryMode,None,RecoveryModeStateChanged
LinearPool.sol,LinearPool,_isOwnerOnlyAction,LinearPool,No chain
LinearPool.sol,LinearPool,_isOwnerOnlyAction,LinearPool,No chain
LinearPool.sol,LinearPool,_isOwnerOnlyAction,LinearPool,No chain
LinearPool.sol,LinearPool,_isOwnerOnlyAction,LinearPool,No chain
LinearPool.sol,LinearPool,_isOwnerOnlyAction,LinearPool,No chain
MockLinearPool.sol,MockLinearPool,constructor,MockLinearPool,No Chain
WeightedMathSwapRounding.t.sol,WeightedMathSwapRoundingTest,testRevertedSwapGivenInGivenInNoProfit,None,log_named_uint
WeightedMathSwapRounding.t.sol,WeightedMathSwapRoundingTest,testRevertedSwapGivenInGivenInNoProfit,None,log_named_uint
WeightedMathSwapRounding.t.sol,WeightedMathSwapRoundingTest,testRevertedSwapGivenInGivenInNoProfit,None,log_named_uint
WeightedMathSwapRounding.t.sol,WeightedMathSwapRoundingTest,testRevertedSwapGivenInGivenInNoProfit,None,log_named_uint
WeightedMathSwapRounding.t.sol,WeightedMathSwapRoundingTest,testRevertedSwapGivenInGivenInNoProfit,None,log_named_uint
WeightedMathSwapRounding.t.sol,WeightedMathSwapRoundingTest,testRevertedSwapGivenInGivenInNoProfit,None,log_named_uint
WeightedMathSwapRounding.t.sol,WeightedMathSwapRoundingTest,testRevertedSwapGivenInGivenInNoProfit,None,log_named_uint
WeightedMathSwapRounding.t.sol,WeightedMathSwapRoundingTest,testRevertedSwapGivenInGivenOutNoProfit,None,log_named_uint
WeightedMathSwapRounding.t.sol,WeightedMathSwapRoundingTest,testRevertedSwapGivenInGivenOutNoProfit,None,log_named_uint
WeightedMathSwapRounding.t.sol,WeightedMathSwapRoundingTest,testRevertedSwapGivenInGivenOutNoProfit,None,log_named_uint
WeightedMathSwapRounding.t.sol,WeightedMathSwapRoundingTest,testRevertedSwapGivenInGivenOutNoProfit,None,log_named_uint
WeightedMathSwapRounding.t.sol,WeightedMathSwapRoundingTest,testRevertedSwapGivenInGivenOutNoProfit,None,log_named_uint
WeightedMathSwapRounding.t.sol,WeightedMathSwapRoundingTest,testRevertedSwapGivenInGivenOutNoProfit,None,log_named_uint
WeightedMathSwapRounding.t.sol,WeightedMathSwapRoundingTest,testRevertedSwapGivenInGivenOutNoProfit,None,log_named_uint
WeightedMathSwapRounding.t.sol,WeightedMathSwapRoundingTest,testRevertedSwapGivenOutGivenInNoProfit,None,log_named_uint
WeightedMathSwapRounding.t.sol,WeightedMathSwapRoundingTest,testRevertedSwapGivenOutGivenInNoProfit,None,log_named_uint
WeightedMathSwapRounding.t.sol,WeightedMathSwapRoundingTest,testRevertedSwapGivenOutGivenInNoProfit,None,log_named_uint
WeightedMathSwapRounding.t.sol,WeightedMathSwapRoundingTest,testRevertedSwapGivenOutGivenInNoProfit,None,log_named_uint
WeightedMathSwapRounding.t.sol,WeightedMathSwapRoundingTest,testRevertedSwapGivenOutGivenInNoProfit,None,log_named_uint
WeightedMathSwapRounding.t.sol,WeightedMathSwapRoundingTest,testRevertedSwapGivenOutGivenInNoProfit,None,log_named_uint
WeightedMathSwapRounding.t.sol,WeightedMathSwapRoundingTest,testRevertedSwapGivenOutGivenInNoProfit,None,log_named_uint
WeightedMathSwapRounding.t.sol,WeightedMathSwapRoundingTest,testRevertedSwapGivenOutGivenOutNoProfit,None,log_named_uint
WeightedMathSwapRounding.t.sol,WeightedMathSwapRoundingTest,testRevertedSwapGivenOutGivenOutNoProfit,None,log_named_uint
WeightedMathSwapRounding.t.sol,WeightedMathSwapRoundingTest,testRevertedSwapGivenOutGivenOutNoProfit,None,log_named_uint
WeightedMathSwapRounding.t.sol,WeightedMathSwapRoundingTest,testRevertedSwapGivenOutGivenOutNoProfit,None,log_named_uint
WeightedMathSwapRounding.t.sol,WeightedMathSwapRoundingTest,testRevertedSwapGivenOutGivenOutNoProfit,None,log_named_uint
WeightedMathSwapRounding.t.sol,WeightedMathSwapRoundingTest,testRevertedSwapGivenOutGivenOutNoProfit,None,log_named_uint
WeightedMathSwapRounding.t.sol,WeightedMathSwapRoundingTest,testRevertedSwapGivenOutGivenOutNoProfit,None,log_named_uint
WeightedMath.t.sol,WeightedMathTest,testJoinSwaps,None,log_named_array
WeightedMath.t.sol,WeightedMathTest,testJoinSwaps,None,log_named_array
WeightedMath.t.sol,WeightedMathTest,testJoinSwaps,None,log_named_array
WeightedMath.t.sol,WeightedMathTest,testJoinSwaps,None,log_named_uint
WeightedMath.t.sol,WeightedMathTest,testJoinSwaps,None,log_named_uint
WeightedMath.t.sol,WeightedMathTest,testExitSwaps,None,log_named_array
WeightedMath.t.sol,WeightedMathTest,testExitSwaps,None,log_named_array
WeightedMath.t.sol,WeightedMathTest,testExitSwaps,None,log_named_array
WeightedMath.t.sol,WeightedMathTest,testExitSwaps,None,log_named_uint
WeightedMath.t.sol,WeightedMathTest,testExitSwaps,None,log_named_uint
WeightedMathJoinExitRounding.t.sol,WeightedMathJoinExitRoundingTest,_testJoinExitGivenInGivenInNoProfit,None,log_named_uint
WeightedMathJoinExitRounding.t.sol,WeightedMathJoinExitRoundingTest,_testJoinExitGivenInGivenInNoProfit,None,log_named_uint
WeightedMathJoinExitRounding.t.sol,WeightedMathJoinExitRoundingTest,_testJoinExitGivenInGivenInNoProfit,None,log_named_uint
WeightedMathJoinExitRounding.t.sol,WeightedMathJoinExitRoundingTest,_testJoinExitGivenInGivenInNoProfit,None,log_named_uint
WeightedMathJoinExitRounding.t.sol,WeightedMathJoinExitRoundingTest,_testJoinExitGivenInGivenInNoProfit,None,log_named_uint
WeightedMathJoinExitRounding.t.sol,WeightedMathJoinExitRoundingTest,_testJoinExitGivenInGivenInNoProfit,None,log_named_uint
WeightedMathJoinExitRounding.t.sol,WeightedMathJoinExitRoundingTest,_testJoinExitGivenInGivenInNoProfit,None,log_named_uint
WeightedMathJoinExitRounding.t.sol,WeightedMathJoinExitRoundingTest,_testJoinExitGivenInGivenOutNoProfit,None,log_named_uint
WeightedMathJoinExitRounding.t.sol,WeightedMathJoinExitRoundingTest,_testJoinExitGivenInGivenOutNoProfit,None,log_named_uint
WeightedMathJoinExitRounding.t.sol,WeightedMathJoinExitRoundingTest,_testJoinExitGivenInGivenOutNoProfit,None,log_named_uint
WeightedMathJoinExitRounding.t.sol,WeightedMathJoinExitRoundingTest,_testJoinExitGivenInGivenOutNoProfit,None,log_named_uint
WeightedMathJoinExitRounding.t.sol,WeightedMathJoinExitRoundingTest,_testJoinExitGivenInGivenOutNoProfit,None,log_named_uint
WeightedMathJoinExitRounding.t.sol,WeightedMathJoinExitRoundingTest,_testJoinExitGivenInGivenOutNoProfit,None,log_named_uint
WeightedMathJoinExitRounding.t.sol,WeightedMathJoinExitRoundingTest,_testJoinExitGivenInGivenOutNoProfit,None,log_named_uint
WeightedMathJoinExitRounding.t.sol,WeightedMathJoinExitRoundingTest,_testJoinExitGivenOutGivenInNoProfit,None,log_named_uint
WeightedMathJoinExitRounding.t.sol,WeightedMathJoinExitRoundingTest,_testJoinExitGivenOutGivenInNoProfit,None,log_named_uint
WeightedMathJoinExitRounding.t.sol,WeightedMathJoinExitRoundingTest,_testJoinExitGivenOutGivenInNoProfit,None,log_named_uint
WeightedMathJoinExitRounding.t.sol,WeightedMathJoinExitRoundingTest,_testJoinExitGivenOutGivenInNoProfit,None,log_named_uint
WeightedMathJoinExitRounding.t.sol,WeightedMathJoinExitRoundingTest,_testJoinExitGivenOutGivenInNoProfit,None,log_named_uint
WeightedMathJoinExitRounding.t.sol,WeightedMathJoinExitRoundingTest,_testJoinExitGivenOutGivenInNoProfit,None,log_named_uint
WeightedMathJoinExitRounding.t.sol,WeightedMathJoinExitRoundingTest,_testJoinExitGivenOutGivenInNoProfit,None,log_named_uint
WeightedMathJoinExitRounding.t.sol,WeightedMathJoinExitRoundingTest,_testJoinExitGivenOutGivenOutNoProfit,None,log_named_uint
WeightedMathJoinExitRounding.t.sol,WeightedMathJoinExitRoundingTest,_testJoinExitGivenOutGivenOutNoProfit,None,log_named_uint
WeightedMathJoinExitRounding.t.sol,WeightedMathJoinExitRoundingTest,_testJoinExitGivenOutGivenOutNoProfit,None,log_named_uint
WeightedMathJoinExitRounding.t.sol,WeightedMathJoinExitRoundingTest,_testJoinExitGivenOutGivenOutNoProfit,None,log_named_uint
WeightedMathJoinExitRounding.t.sol,WeightedMathJoinExitRoundingTest,_testJoinExitGivenOutGivenOutNoProfit,None,log_named_uint
WeightedMathJoinExitRounding.t.sol,WeightedMathJoinExitRoundingTest,_testJoinExitGivenOutGivenOutNoProfit,None,log_named_uint
WeightedMathJoinExitRounding.t.sol,WeightedMathJoinExitRoundingTest,_testJoinExitGivenOutGivenOutNoProfit,None,log_named_uint
WeightedPoolFactory.sol,WeightedPoolFactory,constructor,WeightedPoolFactory,No Chain
WeightedPoolProtocolFees.sol,WeightedPoolProtocolFees,_updateATHRateProduct,WeightedPoolProtocolFees,ATHRateProductUpdated
BaseWeightedPool.sol,BaseWeightedPool,constructor,BaseWeightedPool,No Chain
WeightedPool.sol,WeightedPool,constructor,WeightedPool,No Chain
WeightedPool.sol,WeightedPool,_updatePostJoinExit,WeightedPool,->_updatePostJoinExit(postJoinExitInvariant)
ManagedPoolFactory.sol,ManagedPoolFactory,constructor,ManagedPoolFactory,No Chain
ManagedPoolAddRemoveTokenLib.sol,ManagedPoolAddRemoveTokenLib,addToken,ManagedPoolAddRemoveTokenLib,No chain
ManagedPoolAddRemoveTokenLib.sol,ManagedPoolAddRemoveTokenLib,addToken,ManagedPoolAddRemoveTokenLib,No chain
ManagedPoolAddRemoveTokenLib.sol,ManagedPoolAddRemoveTokenLib,removeToken,ManagedPoolAddRemoveTokenLib,No chain
ManagedPoolAddRemoveTokenLib.sol,ManagedPoolAddRemoveTokenLib,removeToken,ManagedPoolAddRemoveTokenLib,No chain
ManagedPool.sol,ManagedPool,constructor,ManagedPool,No chain
ManagedPool.sol,ManagedPool,_getVirtualSupply,ManagedPool,No chain
ManagedPool.sol,ManagedPool,_getVirtualSupply,ManagedPool,No chain
ManagedPool.sol,ManagedPool,_onSwapMinimal,ManagedPool,"->getSwapEnabled(poolState),Errors->SWAPS_DISABLED)"
ManagedPool.sol,ManagedPool,_onSwapMinimal,ManagedPool,No chain
ManagedPool.sol,ManagedPool,_onSwapMinimal,ManagedPool,No chain
ManagedPool.sol,ManagedPool,_onJoinSwap,ManagedPool,"->getJoinExitEnabled(poolState),Errors->JOINS_EXITS_DISABLED)"
ManagedPool.sol,ManagedPool,_onJoinSwap,ManagedPool,"->tokenIn,ManagedPoolStorageLib->getGradualWeightChangeProgress(poolState))"
ManagedPool.sol,ManagedPool,_onJoinSwap,ManagedPool,->getSwapFeePercentage(poolState)
ManagedPool.sol,ManagedPool,_onJoinSwap,ManagedPool,"->tokenIn,ManagedPoolStorageLib->getGradualWeightChangeProgress(poolState));"
ManagedPool.sol,ManagedPool,_onJoinSwap,ManagedPool,->getSwapFeePercentage(poolState);
ManagedPool.sol,ManagedPool,_onExitSwap,ManagedPool,"->getJoinExitEnabled(poolState),Errors->JOINS_EXITS_DISABLED)"
ManagedPool.sol,ManagedPool,_onExitSwap,ManagedPool,"->tokenOut,ManagedPoolStorageLib->getGradualWeightChangeProgress(poolState))"
ManagedPool.sol,ManagedPool,_onExitSwap,ManagedPool,->getSwapFeePercentage(poolState)
ManagedPool.sol,ManagedPool,_onExitSwap,ManagedPool,"->tokenOut,ManagedPoolStorageLib->getGradualWeightChangeProgress(poolState));"
ManagedPool.sol,ManagedPool,_onExitSwap,ManagedPool,->getSwapFeePercentage(poolState);
ManagedPool.sol,ManagedPool,_onTokenSwap,ManagedPool,->getSwapFeePercentage(poolState)->complement()
ManagedPool.sol,ManagedPool,_onTokenSwap,ManagedPool,->getSwapFeePercentage(poolState)->complement();
ManagedPool.sol,ManagedPool,_getSwapTokenData,ManagedPool,->getGradualWeightChangeProgress(poolState)
ManagedPool.sol,ManagedPool,_getSwapTokenData,ManagedPool,"->tokenInWeight=ManagedPoolTokenStorageLib->getTokenWeight(tokenInState,weightChangeProgress)"
ManagedPool.sol,ManagedPool,_getSwapTokenData,ManagedPool,"->tokenOutWeight=ManagedPoolTokenStorageLib->getTokenWeight(tokenOutState,weightChangeProgress)"
ManagedPool.sol,ManagedPool,_getSwapTokenData,ManagedPool,->scalingFactorTokenIn=ManagedPoolTokenStorageLib->getTokenScalingFactor(tokenInState)
ManagedPool.sol,ManagedPool,_getSwapTokenData,ManagedPool,->scalingFactorTokenOut=ManagedPoolTokenStorageLib->getTokenScalingFactor(tokenOutState)
ManagedPool.sol,ManagedPool,_getSwapTokenData,ManagedPool,->getGradualWeightChangeProgress(poolState);
ManagedPool.sol,ManagedPool,_getTokenInfo,ManagedPool,"->getTokenWeight(tokenState,weightChangeProgress)"
ManagedPool.sol,ManagedPool,_getTokenInfo,ManagedPool,->getTokenScalingFactor(tokenState)
ManagedPool.sol,ManagedPool,_onJoinPool,ManagedPool,"->joinPool(balances,userData,actualSupply,_scalingFactors(tokens),_getNormalizedWeights(tokens),poolState,_getCircuitBreakerStates(tokens),_getWeightedMath())"
ManagedPool.sol,ManagedPool,_onExitPool,ManagedPool,"->exitPool(balances,userData,actualSupply,_scalingFactors(tokens),_getNormalizedWeights(tokens),_getPoolState(),_getCircuitBreakerStates(tokens),_getWeightedMath())"
ManagedPool.sol,ManagedPool,_checkCircuitBreakersOnRegularSwap,ManagedPool,"->checkCircuitBreaker(ManagedPoolAmmLib->BoundCheckKind->LOWER,_getCircuitBreakerState(request->tokenIn),actualSupply,balanceTokenIn->add(amountIn),tokenData->tokenInWeight)"
ManagedPool.sol,ManagedPool,_checkCircuitBreakersOnRegularSwap,ManagedPool,No chain
ManagedPool.sol,ManagedPool,_checkCircuitBreakersOnRegularSwap,ManagedPool,"->checkCircuitBreaker(ManagedPoolAmmLib->BoundCheckKind->UPPER,_getCircuitBreakerState(request->tokenOut),actualSupply,balanceTokenOut->sub(amountOut),tokenData->tokenOutWeight)"
ManagedPool.sol,ManagedPool,_checkCircuitBreakersOnRegularSwap,ManagedPool,No chain
ManagedPool.sol,ManagedPool,_checkCircuitBreakersOnJoinOrExitSwap,ManagedPool,"->checkCircuitBreakers(newActualSupply,_getCircuitBreakerStates(tokens),balances,amounts,normalizedWeights,isJoin)"
ManagedPoolSettings.sol,ManagedPoolSettings,constructor,ManagedPoolSettings,No chain
ManagedPoolSettings.sol,ManagedPoolSettings,updateSwapFeeGradually,ManagedPoolSettings,authenticate
ManagedPoolSettings.sol,ManagedPoolSettings,updateSwapFeeGradually,ManagedPoolSettings,whenNotPaused
ManagedPoolSettings.sol,ManagedPoolSettings,_startGradualSwapFeeChange,None,GradualSwapFeeUpdateScheduled
ManagedPoolSettings.sol,ManagedPoolSettings,updateWeightsGradually,ManagedPoolSettings,authenticate
ManagedPoolSettings.sol,ManagedPoolSettings,updateWeightsGradually,ManagedPoolSettings,whenNotPaused
ManagedPoolSettings.sol,ManagedPoolSettings,_startGradualWeightChange,None,GradualWeightUpdateScheduled
ManagedPoolSettings.sol,ManagedPoolSettings,setJoinExitEnabled,ManagedPoolSettings,authenticate
ManagedPoolSettings.sol,ManagedPoolSettings,setJoinExitEnabled,ManagedPoolSettings,whenNotPaused
ManagedPoolSettings.sol,ManagedPoolSettings,_setJoinExitEnabled,None,JoinExitEnabledSet
ManagedPoolSettings.sol,ManagedPoolSettings,setSwapEnabled,ManagedPoolSettings,authenticate
ManagedPoolSettings.sol,ManagedPoolSettings,setSwapEnabled,ManagedPoolSettings,whenNotPaused
ManagedPoolSettings.sol,ManagedPoolSettings,_setSwapEnabled,None,SwapEnabledSet
ManagedPoolSettings.sol,ManagedPoolSettings,addAllowedAddress,ManagedPoolSettings,authenticate
ManagedPoolSettings.sol,ManagedPoolSettings,addAllowedAddress,ManagedPoolSettings,whenNotPaused
ManagedPoolSettings.sol,ManagedPoolSettings,addAllowedAddress,None,AllowlistAddressAdded
ManagedPoolSettings.sol,ManagedPoolSettings,removeAllowedAddress,ManagedPoolSettings,authenticate
ManagedPoolSettings.sol,ManagedPoolSettings,removeAllowedAddress,ManagedPoolSettings,whenNotPaused
ManagedPoolSettings.sol,ManagedPoolSettings,removeAllowedAddress,None,AllowlistAddressRemoved
ManagedPoolSettings.sol,ManagedPoolSettings,setMustAllowlistLPs,ManagedPoolSettings,authenticate
ManagedPoolSettings.sol,ManagedPoolSettings,setMustAllowlistLPs,ManagedPoolSettings,whenNotPaused
ManagedPoolSettings.sol,ManagedPoolSettings,_setMustAllowlistLPs,None,MustAllowlistLPsSet
ManagedPoolSettings.sol,ManagedPoolSettings,setManagementAumFeePercentage,ManagedPoolSettings,authenticate
ManagedPoolSettings.sol,ManagedPoolSettings,setManagementAumFeePercentage,ManagedPoolSettings,whenNotPaused
ManagedPoolSettings.sol,ManagedPoolSettings,setManagementAumFeePercentage,ManagedPoolSettings,whenNotInVaultContext
ManagedPoolSettings.sol,ManagedPoolSettings,_setManagementAumFeePercentage,None,ManagementAumFeePercentageChanged
ManagedPoolSettings.sol,ManagedPoolSettings,collectAumManagementFees,ManagedPoolSettings,whenNotPaused
ManagedPoolSettings.sol,ManagedPoolSettings,collectAumManagementFees,ManagedPoolSettings,whenNotInVaultContext
ManagedPoolSettings.sol,ManagedPoolSettings,_collectAumManagementFees,None,ManagementAumFeeCollected
ManagedPoolSettings.sol,ManagedPoolSettings,addToken,ManagedPoolSettings,authenticate
ManagedPoolSettings.sol,ManagedPoolSettings,addToken,ManagedPoolSettings,whenNotPaused
ManagedPoolSettings.sol,ManagedPoolSettings,addToken,ManagedPoolSettings,whenNotInVaultContext
ManagedPoolSettings.sol,ManagedPoolSettings,addToken,None,TokenAdded
ManagedPoolSettings.sol,ManagedPoolSettings,removeToken,ManagedPoolSettings,authenticate
ManagedPoolSettings.sol,ManagedPoolSettings,removeToken,ManagedPoolSettings,whenNotPaused
ManagedPoolSettings.sol,ManagedPoolSettings,removeToken,ManagedPoolSettings,whenNotInVaultContext
ManagedPoolSettings.sol,ManagedPoolSettings,removeToken,None,TokenRemoved
ManagedPoolSettings.sol,ManagedPoolSettings,setCircuitBreakers,ManagedPoolSettings,authenticate
ManagedPoolSettings.sol,ManagedPoolSettings,setCircuitBreakers,ManagedPoolSettings,whenNotPaused
ManagedPoolSettings.sol,ManagedPoolSettings,_setCircuitBreaker,None,CircuitBreakerSet
ManagedPoolSettings.sol,ManagedPoolSettings,_isOwnerOnlyAction,ManagedPoolSettings,->updateWeightsGradually->selector))||(actionId==getActionId(ManagedPoolSettings->updateSwapFeeGradually->selector))||(actionId==getActionId(ManagedPoolSettings->setJoinExitEnabled->selector))||(actionId==getActionId(ManagedPoolSettings->setSwapEnabled->selector))||(actionId==getActionId(ManagedPoolSettings->addAllowedAddress->selector))||(actionId==getActionId(ManagedPoolSettings->removeAllowedAddress->selector))||(actionId==getActionId(ManagedPoolSettings->setMustAllowlistLPs->selector))||(actionId==getActionId(ManagedPoolSettings->addToken->selector))||(actionId==getActionId(ManagedPoolSettings->removeToken->selector))||(actionId==getActionId(ManagedPoolSettings->setManagementAumFeePercentage->selector))||(actionId==getActionId(ManagedPoolSettings->setCircuitBreakers->selector))
ManagedPoolSettings.sol,ManagedPoolSettings,_isOwnerOnlyAction,ManagedPoolSettings,No chain
ManagedPoolSettings.sol,ManagedPoolSettings,_isOwnerOnlyAction,ManagedPoolSettings,No chain
ManagedPoolSettings.sol,ManagedPoolSettings,_isOwnerOnlyAction,ManagedPoolSettings,No chain
ManagedPoolSettings.sol,ManagedPoolSettings,_isOwnerOnlyAction,ManagedPoolSettings,No chain
ManagedPoolSettings.sol,ManagedPoolSettings,_isOwnerOnlyAction,ManagedPoolSettings,No chain
ManagedPoolSettings.sol,ManagedPoolSettings,_isOwnerOnlyAction,ManagedPoolSettings,No chain
ManagedPoolSettings.sol,ManagedPoolSettings,_isOwnerOnlyAction,ManagedPoolSettings,No chain
ManagedPoolSettings.sol,ManagedPoolSettings,_isOwnerOnlyAction,ManagedPoolSettings,No chain
ManagedPoolSettings.sol,ManagedPoolSettings,_isOwnerOnlyAction,ManagedPoolSettings,No chain
ManagedPoolSettings.sol,ManagedPoolSettings,_isOwnerOnlyAction,ManagedPoolSettings,No chain
MockWeightedPoolProtocolFees.sol,MockWeightedPoolProtocolFees,constructor,MockWeightedPoolProtocolFees,No Chain
MockManagedPoolSettings.sol,MockManagedPoolSettings,constructor,MockManagedPoolSettings,No Chain
MockManagedPool.sol,MockManagedPool,constructor,MockManagedPool,No Chain
LiquidityBootstrappingPoolSettings.sol,LiquidityBootstrappingPoolSettings,constructor,LiquidityBootstrappingPoolSettings,No Chain
LiquidityBootstrappingPoolSettings.sol,LiquidityBootstrappingPoolSettings,setSwapEnabled,LiquidityBootstrappingPoolSettings,authenticate
LiquidityBootstrappingPoolSettings.sol,LiquidityBootstrappingPoolSettings,setSwapEnabled,LiquidityBootstrappingPoolSettings,whenNotPaused
LiquidityBootstrappingPoolSettings.sol,LiquidityBootstrappingPoolSettings,updateWeightsGradually,LiquidityBootstrappingPoolSettings,authenticate
LiquidityBootstrappingPoolSettings.sol,LiquidityBootstrappingPoolSettings,updateWeightsGradually,LiquidityBootstrappingPoolSettings,whenNotPaused
LiquidityBootstrappingPoolSettings.sol,LiquidityBootstrappingPoolSettings,setSwapFeePercentage,LiquidityBootstrappingPoolSettings,authenticate
LiquidityBootstrappingPoolSettings.sol,LiquidityBootstrappingPoolSettings,setSwapFeePercentage,LiquidityBootstrappingPoolSettings,whenNotPaused
LiquidityBootstrappingPoolSettings.sol,LiquidityBootstrappingPoolSettings,_setSwapFeePercentage,LiquidityBootstrappingPoolSettings,SwapFeePercentageChanged
LiquidityBootstrappingPoolSettings.sol,LiquidityBootstrappingPoolSettings,_startGradualWeightChange,LiquidityBootstrappingPoolSettings,GradualWeightUpdateScheduled
LiquidityBootstrappingPoolSettings.sol,LiquidityBootstrappingPoolSettings,_setSwapEnabled,LiquidityBootstrappingPoolSettings,SwapEnabledSet
LiquidityBootstrappingPoolSettings.sol,LiquidityBootstrappingPoolSettings,_isOwnerOnlyAction,LiquidityBootstrappingPoolSettings,No chain
LiquidityBootstrappingPoolSettings.sol,LiquidityBootstrappingPoolSettings,_isOwnerOnlyAction,LiquidityBootstrappingPoolSettings,No chain
LiquidityBootstrappingPoolSettings.sol,LiquidityBootstrappingPoolSettings,_isOwnerOnlyAction,LiquidityBootstrappingPoolSettings,->setSwapFeePercentage->selector))||(actionId==getActionId(LiquidityBootstrappingPoolSettings->setSwapEnabled->selector))||(actionId==getActionId(LiquidityBootstrappingPoolSettings->updateWeightsGradually->selector))
LiquidityBootstrappingPoolSettings.sol,LiquidityBootstrappingPoolSettings,_isOwnerOnlyAction,LiquidityBootstrappingPoolSettings,No chain
LiquidityBootstrappingPoolSettings.sol,LiquidityBootstrappingPoolSettings,_isOwnerOnlyAction,LiquidityBootstrappingPoolSettings,No chain
LiquidityBootstrappingPoolSettings.sol,LiquidityBootstrappingPoolSettings,_isOwnerOnlyAction,LiquidityBootstrappingPoolSettings,No chain
LiquidityBootstrappingPoolSettings.sol,LiquidityBootstrappingPoolSettings,_isOwnerOnlyAction,LiquidityBootstrappingPoolSettings,No chain
LiquidityBootstrappingPool.sol,LiquidityBootstrappingPool,constructor,LiquidityBootstrappingPool,No Chain
LiquidityBootstrappingPool.sol,LiquidityBootstrappingPool,_onSwapMinimal,LiquidityBootstrappingPool,"->getSwapEnabled(poolState),Errors->SWAPS_DISABLED)"
LiquidityBootstrappingPool.sol,LiquidityBootstrappingPool,_onSwapMinimal,LiquidityBootstrappingPool,->getWeightChangeProgress(poolState)
LiquidityBootstrappingPool.sol,LiquidityBootstrappingPool,_onSwapMinimal,LiquidityBootstrappingPool,"->getNormalizedWeightByIndex(poolState,_getTokenIndex(request->tokenIn),pctProgress)"
LiquidityBootstrappingPool.sol,LiquidityBootstrappingPool,_onSwapMinimal,LiquidityBootstrappingPool,"->getNormalizedWeightByIndex(poolState,_getTokenIndex(request->tokenOut),pctProgress)"
LiquidityBootstrappingPool.sol,LiquidityBootstrappingPool,_onSwapMinimal,LiquidityBootstrappingPool,->getWeightChangeProgress(poolState);
LiquidityBootstrappingPoolFactory.sol,LiquidityBootstrappingPoolFactory,constructor,LiquidityBootstrappingPoolFactory,No Chain
ExtraCalldataEOASignaturesValidatorMock.sol,ExtraCalldataEOASignaturesValidatorMock,constructor,ExtraCalldataEOASignaturesValidatorMock,No Chain
ExtraCalldataEOASignaturesValidatorMock.sol,ExtraCalldataEOASignaturesValidatorMock,authenticateCall,ExtraCalldataEOASignaturesValidatorMock,Authenticated
ExtraCalldataEOASignaturesValidatorMock.sol,ExtraCalldataEOASignaturesValidatorMock,_decodeCalldata,ExtraCalldataEOASignaturesValidatorMock,CalldataDecoded
CodeDeployerFactory.sol,CodeDeployerFactory,deploy,CodeDeployerFactory,CodeDeployed
EOASignaturesValidatorMock.sol,EOASignaturesValidatorMock,constructor,EOASignaturesValidatorMock,No Chain
EOASignaturesValidatorMock.sol,EOASignaturesValidatorMock,authenticatedCall,EOASignaturesValidatorMock,Authenticated
EOASignaturesValidatorMock.sol,EOASignaturesValidatorMock,authenticatedCallWithDeadline,EOASignaturesValidatorMock,Authenticated
TemporarilyPausableMock.sol,TemporarilyPausableMock,constructor,TemporarilyPausableMock,No Chain
ReentrancyMock.sol,ReentrancyMock,callback,ReentrancyMock,nonReentrant
ReentrancyMock.sol,ReentrancyMock,countLocalRecursive,ReentrancyMock,nonReentrant
ReentrancyMock.sol,ReentrancyMock,countThisRecursive,ReentrancyMock,No chain
ReentrancyMock.sol,ReentrancyMock,countThisRecursive,ReentrancyMock,No chain
ReentrancyMock.sol,ReentrancyMock,countThisRecursive,ReentrancyMock,No chain
ReentrancyMock.sol,ReentrancyMock,countThisRecursive,ReentrancyMock,nonReentrant
ReentrancyMock.sol,ReentrancyMock,countThisRecursive,ReentrancyMock,No chain
ReentrancyMock.sol,ReentrancyMock,countThisRecursive,ReentrancyMock,No chain
ReentrancyMock.sol,ReentrancyMock,countThisRecursive,ReentrancyMock,No chain
ReentrancyMock.sol,ReentrancyMock,countAndCall,ReentrancyMock,nonReentrant
ERC20Mock.sol,ERC20Mock,constructor,ERC20Mock,No Chain
MockSplitCodeFactory.sol,MockSplitCodeFactory,constructor,MockSplitCodeFactory,No Chain
MockSplitCodeFactory.sol,MockSplitCodeFactory,create,MockSplitCodeFactory,ContractCreated
ERC20FalseApprovalMock.sol,ERC20FalseApprovalMock,constructor,ERC20FalseApprovalMock,No Chain
SingletonAuthenticationMock.sol,SingletonAuthenticationMock,constructor,SingletonAuthenticationMock,No Chain
SignaturesValidatorMock.sol,SignaturesValidatorMock,constructor,SignaturesValidatorMock,No Chain
SignaturesValidatorMock.sol,SignaturesValidatorMock,authenticatedCall,SignaturesValidatorMock,Authenticated
SignaturesValidatorMock.sol,SignaturesValidatorMock,authenticatedCallWithDeadline,SignaturesValidatorMock,Authenticated
EnumerableMapMock.sol,EnumerableIERC20ToBytes32MapMock,set,EnumerableIERC20ToBytes32MapMock,OperationResult
EnumerableMapMock.sol,EnumerableIERC20ToBytes32MapMock,remove,EnumerableIERC20ToBytes32MapMock,OperationResult
EnumerableMapMock.sol,EnumerableIERC20ToUint256MapMock,set,EnumerableIERC20ToUint256MapMock,OperationResult
EnumerableMapMock.sol,EnumerableIERC20ToUint256MapMock,remove,EnumerableIERC20ToUint256MapMock,OperationResult
USDTMock.sol,USDTMock,approve,USDTMock,Approval
BreakableERC20Mock.sol,BreakableERC20Mock,constructor,BreakableERC20Mock,No Chain
OptionalOnlyCallerMock.sol,OptionalOnlyCallerMock,constructor,OptionalOnlyCallerMock,No Chain
OptionalOnlyCallerMock.sol,OptionalOnlyCallerMock,checkFunction,OptionalOnlyCallerMock,optionalOnlyCaller
OptionalOnlyCallerMock.sol,OptionalOnlyCallerMock,checkFunction,OptionalOnlyCallerMock,CheckFunctionCalled
BrokenERC20Mock.sol,BrokenERC20Mock,constructor,BrokenERC20Mock,No Chain
ERC20PermitMock.sol,ERC20PermitMock,constructor,ERC20PermitMock,No Chain
TestToken.sol,TestToken,constructor,TestToken,No Chain
TemporarilyPausable.sol,TemporarilyPausable,_setPaused,None,PausedStateChanged
SingletonAuthentication.sol,SingletonAuthentication,constructor,SingletonAuthentication,No Chain
SingletonAuthentication.sol,SingletonAuthentication,_canPerform,SingletonAuthentication,No chain
SingletonAuthentication.sol,SingletonAuthentication,_canPerform,SingletonAuthentication,No chain
OptionalOnlyCaller.sol,OptionalOnlyCaller,_setOnlyCallerCheck,None,OnlyCallerOptIn
ERC20.sol,ERC20,transferFrom,ERC20,"->sender,_allowances[sender][msg->sender]->sub(amount,Errors->ERC20_TRANSFER_EXCEEDS_ALLOWANCE))"
ERC20.sol,ERC20,decreaseAllowance,ERC20,"->sender,spender,_allowances[msg->sender][spender]->sub(subtractedValue,Errors->ERC20_DECREASED_ALLOWANCE_BELOW_ZERO))"
ERC20.sol,ERC20,_transfer,ERC20,->ERC20_TRANSFER_FROM_ZERO_ADDRESS)
ERC20.sol,ERC20,_transfer,ERC20,->ERC20_TRANSFER_TO_ZERO_ADDRESS)
ERC20.sol,ERC20,_transfer,ERC20,"->sub(amount,Errors->ERC20_TRANSFER_EXCEEDS_BALANCE)"
ERC20.sol,ERC20,_transfer,None,Transfer
ERC20.sol,ERC20,_mint,None,Transfer
ERC20.sol,ERC20,_burn,ERC20,->ERC20_BURN_FROM_ZERO_ADDRESS)
ERC20.sol,ERC20,_burn,ERC20,"->sub(amount,Errors->ERC20_BURN_EXCEEDS_BALANCE)"
ERC20.sol,ERC20,_burn,None,Transfer
ERC20.sol,ERC20,_approve,None,Approval
Ownable.sol,Ownable,renounceOwnership,Ownable,onlyOwner
Ownable.sol,Ownable,transferOwnership,Ownable,onlyOwner
Ownable.sol,Ownable,_transferOwnership,Ownable,OwnershipTransferred
ERC20Permit.sol,ERC20Permit,constructor,ERC20Permit,No Chain
SafeERC20.sol,SafeERC20,safeApprove,SafeERC20,No chain
SafeERC20.sol,SafeERC20,safeApprove,SafeERC20,No chain
Address.sol,Address,sendValue,Address,No chain
Address.sol,Address,sendValue,Address,No chain
Address.sol,Address,sendValue,Address,No chain
Create2.sol,Create2,deploy,Create2,No chain
Create2.sol,Create2,deploy,Create2,No chain
EIP712.sol,EIP712,_domainSeparatorV4,EIP712,No chain
EIP712.sol,EIP712,_domainSeparatorV4,EIP712,No chain
BaseCoordinator.sol,BaseCoordinator,constructor,BaseCoordinator,No Chain
BaseCoordinator.sol,BaseCoordinator,registerStages,BaseCoordinator,nonReentrant
BaseCoordinator.sol,BaseCoordinator,performNextStage,BaseCoordinator,nonReentrant
TimelockAuthorizerMigrator.sol,TimelockAuthorizerMigrator,constructor,TimelockAuthorizerMigrator,No chain
TimelockAuthorizerMigrator.sol,TimelockAuthorizerMigrator,finalizeMigration,TimelockAuthorizerMigrator,No chain
TimelockAuthorizerMigrator.sol,TimelockAuthorizerMigrator,finalizeMigration,TimelockAuthorizerMigrator,No chain
TestCoordinator.sol,TestCoordinator,constructor,TestCoordinator,No Chain
TestCoordinator.sol,TestCoordinator,_registerStages,TestCoordinator,RegisterStagesHookCalled
TestCoordinator.sol,TestCoordinator,_afterLastStage,TestCoordinator,AfterLastStageHookExecuted
TestCoordinator.sol,TestCoordinator,_performStageOne,TestCoordinator,StagePerformed
TestCoordinator.sol,TestCoordinator,_performStageTwo,TestCoordinator,StagePerformed
TestCoordinator.sol,TestCoordinator,_performStageThree,TestCoordinator,StagePerformed
TestCoordinator.sol,TestCoordinator,_performStageFour,TestCoordinator,StagePerformed
GaugeAdderMigrationCoordinator.sol,GaugeAdderMigrationCoordinator,constructor,GaugeAdderMigrationCoordinator,No Chain
GaugeAdderMigrationCoordinator.sol,GaugeAdderMigrationCoordinator,_afterLastStage,GaugeAdderMigrationCoordinator,No chain
GaugeAdderMigrationCoordinator.sol,GaugeAdderMigrationCoordinator,_afterLastStage,GaugeAdderMigrationCoordinator,No chain
GaugeAdderMigrationCoordinator.sol,GaugeAdderMigrationCoordinator,_afterLastStage,GaugeAdderMigrationCoordinator,No chain
GaugeAdderMigrationCoordinator.sol,GaugeAdderMigrationCoordinator,_setupNewGaugeAdder,GaugeAdderMigrationCoordinator,No chain
GaugeAdderMigrationCoordinator.sol,GaugeAdderMigrationCoordinator,_setupNewGaugeAdder,GaugeAdderMigrationCoordinator,No chain
GaugeAdderMigrationCoordinator.sol,GaugeAdderMigrationCoordinator,_setupNewGaugeAdder,GaugeAdderMigrationCoordinator,No chain
GaugeAdderMigrationCoordinator.sol,GaugeAdderMigrationCoordinator,_setupNewGaugeAdder,GaugeAdderMigrationCoordinator,No chain
GaugeAdderMigrationCoordinator.sol,GaugeAdderMigrationCoordinator,_setupNewGaugeAdder,GaugeAdderMigrationCoordinator,No chain
GaugeAdderMigrationCoordinator.sol,GaugeAdderMigrationCoordinator,_setupNewGaugeAdder,GaugeAdderMigrationCoordinator,No chain
GaugeAdderMigrationCoordinator.sol,GaugeAdderMigrationCoordinator,_setupNewGaugeAdder,GaugeAdderMigrationCoordinator,No chain
GaugeAdderMigrationCoordinator.sol,GaugeAdderMigrationCoordinator,_setupNewGaugeAdder,GaugeAdderMigrationCoordinator,No chain
ComposableStablePool.sol,ComposableStablePool,constructor,ComposableStablePool,No Chain
ComposableStablePool.sol,ComposableStablePool,_extractRatesParams,ComposableStablePool,No chain
ComposableStablePool.sol,ComposableStablePool,_extractStorageParams,ComposableStablePool,No chain
ComposableStablePool.sol,ComposableStablePool,_extractStorageParams,ComposableStablePool,No chain
ComposableStablePool.sol,ComposableStablePool,_extractStorageParams,ComposableStablePool,No chain
ComposableStablePool.sol,ComposableStablePool,_extractStorageParams,ComposableStablePool,No chain
ComposableStablePool.sol,ComposableStablePool,_extractStorageParams,ComposableStablePool,No chain
ComposableStablePool.sol,ComposableStablePool,_swapGivenIn,ComposableStablePool,No chain
ComposableStablePool.sol,ComposableStablePool,_swapGivenIn,ComposableStablePool,No chain
ComposableStablePool.sol,ComposableStablePool,_swapGivenIn,ComposableStablePool,No chain
ComposableStablePool.sol,ComposableStablePool,_swapGivenIn,ComposableStablePool,No chain
ComposableStablePool.sol,ComposableStablePool,_swapGivenOut,ComposableStablePool,No chain
ComposableStablePool.sol,ComposableStablePool,_swapGivenOut,ComposableStablePool,No chain
ComposableStablePool.sol,ComposableStablePool,_swapGivenOut,ComposableStablePool,No chain
ComposableStablePool.sol,ComposableStablePool,_swapGivenOut,ComposableStablePool,No chain
ComposableStablePoolStorage.sol,ComposableStablePoolStorage,constructor,ComposableStablePoolStorage,No chain
ComposableStablePoolRates.sol,ComposableStablePoolRates,constructor,ComposableStablePoolRates,No chain
ComposableStablePoolRates.sol,ComposableStablePoolRates,constructor,ComposableStablePoolRates,TokenRateProviderSet
ComposableStablePoolRates.sol,ComposableStablePoolRates,setTokenRateCacheDuration,ComposableStablePoolRates,authenticate
ComposableStablePoolRates.sol,ComposableStablePoolRates,setTokenRateCacheDuration,ComposableStablePoolRates,TokenRateProviderSet
ComposableStablePoolRates.sol,ComposableStablePoolRates,_updateTokenRateCache,ComposableStablePoolRates,TokenRateCacheUpdated
ComposableStablePoolRates.sol,ComposableStablePoolRates,_isOwnerOnlyAction,ComposableStablePoolRates,No chain
ComposableStablePoolRates.sol,ComposableStablePoolRates,_isOwnerOnlyAction,ComposableStablePoolRates,No chain
ComposableStablePoolRates.sol,ComposableStablePoolRates,_isOwnerOnlyAction,ComposableStablePoolRates,No chain
ComposableStablePoolRates.sol,ComposableStablePoolRates,_isOwnerOnlyAction,ComposableStablePoolRates,No chain
StablePoolAmplification.sol,StablePoolAmplification,startAmplificationParameterUpdate,StablePoolAmplification,authenticate
StablePoolAmplification.sol,StablePoolAmplification,stopAmplificationParameterUpdate,StablePoolAmplification,authenticate
StablePoolAmplification.sol,StablePoolAmplification,_setAmplificationData,StablePoolAmplification,AmpUpdateStopped
StablePoolAmplification.sol,StablePoolAmplification,_setAmplificationData,StablePoolAmplification,AmpUpdateStarted
StablePoolAmplification.sol,StablePoolAmplification,_isOwnerOnlyAction,StablePoolAmplification,No chain
StablePoolAmplification.sol,StablePoolAmplification,_isOwnerOnlyAction,StablePoolAmplification,No chain
StablePoolAmplification.sol,StablePoolAmplification,_isOwnerOnlyAction,StablePoolAmplification,No chain
StablePoolAmplification.sol,StablePoolAmplification,_isOwnerOnlyAction,StablePoolAmplification,No chain
StablePoolAmplification.sol,StablePoolAmplification,_isOwnerOnlyAction,StablePoolAmplification,No chain
StablePoolAmplification.sol,StablePoolAmplification,_isOwnerOnlyAction,StablePoolAmplification,No chain
ComposableStablePoolFactory.sol,ComposableStablePoolFactory,constructor,ComposableStablePoolFactory,No Chain
MockComposableStablePoolRates.sol,MockComposableStablePoolRates,constructor,MockComposableStablePoolRates,No Chain
MockStablePoolAmplification.sol,MockStablePoolAmplification,constructor,MockStablePoolAmplification,No Chain
MockComposableStablePoolStorage.sol,MockComposableStablePoolStorage,constructor,MockComposableStablePoolStorage,No Chain
MockComposableStablePool.sol,MockComposableStablePool,constructor,MockComposableStablePool,No Chain
MockComposableStablePool.sol,MockComposableStablePool,_updateTokenRateCache,MockComposableStablePool,whenNotInFailureMode
MockComposableStablePool.sol,MockComposableStablePool,_onSwapGivenIn,MockComposableStablePool,whenNotInFailureMode
MockComposableStablePool.sol,MockComposableStablePool,_onSwapGivenOut,MockComposableStablePool,whenNotInFailureMode
MockComposableStablePool.sol,MockComposableStablePool,getVirtualSupply,MockComposableStablePool,No chain
MockComposableStablePool.sol,MockComposableStablePool,getVirtualSupply,MockComposableStablePool,No chain
MockComposableStablePoolProtocolFees.sol,MockComposableStablePoolProtocolFees,constructor,MockComposableStablePoolProtocolFees,No Chain
MainnetBalancerMinter.sol,MainnetBalancerMinter,constructor,MainnetBalancerMinter,No Chain
BalancerMinter.sol,BalancerMinter,constructor,BalancerMinter,No Chain
BalancerMinter.sol,BalancerMinter,mint,BalancerMinter,nonReentrant
BalancerMinter.sol,BalancerMinter,mintMany,BalancerMinter,nonReentrant
BalancerMinter.sol,BalancerMinter,mintFor,BalancerMinter,nonReentrant
BalancerMinter.sol,BalancerMinter,mintManyFor,BalancerMinter,nonReentrant
BalancerMinter.sol,BalancerMinter,_setMinterApproval,BalancerMinter,MinterApprovalSet
BalancerMinter.sol,BalancerMinter,_setMinted,None,Minted
BalancerMinter.sol,BalancerMinter,mint_many,BalancerMinter,nonReentrant
BalancerMinter.sol,BalancerMinter,mint_for,BalancerMinter,nonReentrant
GaugeWorkingBalanceHelper.sol,GaugeWorkingBalanceHelper,constructor,IVeDelegationProxy,No chain
GaugeWorkingBalanceHelper.sol,GaugeWorkingBalanceHelper,getWorkingBalances,IGauge,No chain
GaugeWorkingBalanceHelper.sol,GaugeWorkingBalanceHelper,getWorkingBalanceToSupplyRatios,IGauge,No chain
SmartWalletChecker.sol,SmartWalletChecker,constructor,SmartWalletChecker,No Chain
SmartWalletChecker.sol,SmartWalletChecker,allowlistAddress,SmartWalletChecker,authenticate
SmartWalletChecker.sol,SmartWalletChecker,denylistAddress,SmartWalletChecker,authenticate
SmartWalletChecker.sol,SmartWalletChecker,denylistAddress,SmartWalletChecker,ContractAddressRemoved
SmartWalletChecker.sol,SmartWalletChecker,_allowlistAddress,SmartWalletChecker,ContractAddressAdded
VotingEscrowDelegationProxy.sol,VotingEscrowDelegationProxy,constructor,VotingEscrowDelegationProxy,No Chain
VotingEscrowDelegationProxy.sol,VotingEscrowDelegationProxy,setDelegation,VotingEscrowDelegationProxy,authenticate
VotingEscrowDelegationProxy.sol,VotingEscrowDelegationProxy,setDelegation,VotingEscrowDelegationProxy,DelegationImplementationUpdated
VotingEscrowDelegationProxy.sol,VotingEscrowDelegationProxy,killDelegation,VotingEscrowDelegationProxy,authenticate
VotingEscrowDelegationProxy.sol,VotingEscrowDelegationProxy,killDelegation,VotingEscrowDelegationProxy,DelegationImplementationUpdated
BalancerTokenAdmin.sol,BalancerTokenAdmin,constructor,BalancerTokenAdmin,No Chain
BalancerTokenAdmin.sol,BalancerTokenAdmin,activate,BalancerTokenAdmin,No chain
BalancerTokenAdmin.sol,BalancerTokenAdmin,activate,BalancerTokenAdmin,"->hasRole(adminRole,address(this)),""BalancerTokenAdmin is not an admin"")"
BalancerTokenAdmin.sol,BalancerTokenAdmin,activate,BalancerTokenAdmin,No chain
BalancerTokenAdmin.sol,BalancerTokenAdmin,activate,BalancerTokenAdmin,No chain
BalancerTokenAdmin.sol,BalancerTokenAdmin,activate,BalancerTokenAdmin,No chain
BalancerTokenAdmin.sol,BalancerTokenAdmin,activate,BalancerTokenAdmin,No chain
BalancerTokenAdmin.sol,BalancerTokenAdmin,activate,BalancerTokenAdmin,No chain
BalancerTokenAdmin.sol,BalancerTokenAdmin,activate,BalancerTokenAdmin,No chain
BalancerTokenAdmin.sol,BalancerTokenAdmin,activate,BalancerTokenAdmin,No chain
BalancerTokenAdmin.sol,BalancerTokenAdmin,activate,BalancerTokenAdmin,"->hasRole(minterRole,address(this)),""BalancerTokenAdmin is not a minter"")"
BalancerTokenAdmin.sol,BalancerTokenAdmin,activate,BalancerTokenAdmin,No chain
BalancerTokenAdmin.sol,BalancerTokenAdmin,activate,BalancerTokenAdmin,"->hasRole(snapshotRole,address(this)),""BalancerTokenAdmin is not a snapshotter"")"
BalancerTokenAdmin.sol,BalancerTokenAdmin,activate,BalancerTokenAdmin,nonReentrant
BalancerTokenAdmin.sol,BalancerTokenAdmin,activate,BalancerTokenAdmin,authenticate
BalancerTokenAdmin.sol,BalancerTokenAdmin,activate,BalancerTokenAdmin,MiningParametersUpdated
BalancerTokenAdmin.sol,BalancerTokenAdmin,mint,BalancerTokenAdmin,authenticate
BalancerTokenAdmin.sol,BalancerTokenAdmin,snapshot,BalancerTokenAdmin,authenticate
BalancerTokenAdmin.sol,BalancerTokenAdmin,_updateMiningParameters,BalancerTokenAdmin,MiningParametersUpdated
VotingEscrowRemapper.sol,VotingEscrowRemapper,constructor,VotingEscrowRemapper,No Chain
VotingEscrowRemapper.sol,VotingEscrowRemapper,setNetworkRemapping,VotingEscrowRemapper,No chain
VotingEscrowRemapper.sol,VotingEscrowRemapper,setNetworkRemapping,VotingEscrowRemapper,No chain
VotingEscrowRemapper.sol,VotingEscrowRemapper,setNetworkRemapping,VotingEscrowRemapper,nonReentrant
VotingEscrowRemapper.sol,VotingEscrowRemapper,setNetworkRemapping,None,RemoteAddressMappingCleared
VotingEscrowRemapper.sol,VotingEscrowRemapper,setNetworkRemapping,None,AddressMappingUpdated
VotingEscrowRemapper.sol,VotingEscrowRemapper,setNetworkRemappingManager,VotingEscrowRemapper,authenticate
VotingEscrowRemapper.sol,VotingEscrowRemapper,setNetworkRemappingManager,VotingEscrowRemapper,nonReentrant
VotingEscrowRemapper.sol,VotingEscrowRemapper,setNetworkRemappingManager,None,AddressDelegateUpdated
VotingEscrowRemapper.sol,VotingEscrowRemapper,clearNetworkRemapping,VotingEscrowRemapper,No chain
VotingEscrowRemapper.sol,VotingEscrowRemapper,clearNetworkRemapping,VotingEscrowRemapper,No chain
VotingEscrowRemapper.sol,VotingEscrowRemapper,clearNetworkRemapping,VotingEscrowRemapper,nonReentrant
VotingEscrowRemapper.sol,VotingEscrowRemapper,clearNetworkRemapping,None,AddressMappingUpdated
VotingEscrowRemapper.sol,VotingEscrowRemapper,clearNetworkRemapping,None,RemoteAddressMappingCleared
L2LayerZeroBridgeForwarder.sol,L2LayerZeroBridgeForwarder,constructor,L2LayerZeroBridgeForwarder,No Chain
L2LayerZeroBridgeForwarder.sol,L2LayerZeroBridgeForwarder,setDelegation,L2LayerZeroBridgeForwarder,authenticate
L2LayerZeroBridgeForwarder.sol,L2LayerZeroBridgeForwarder,setDelegation,L2LayerZeroBridgeForwarder,DelegationImplementationUpdated
OmniVotingEscrowAdaptor.sol,OmniVotingEscrowAdaptor,constructor,OmniVotingEscrowAdaptor,No Chain
OmniVotingEscrowAdaptor.sol,OmniVotingEscrowAdaptor,setOmniVotingEscrow,OmniVotingEscrowAdaptor,authenticate
OmniVotingEscrowAdaptor.sol,OmniVotingEscrowAdaptor,setOmniVotingEscrow,None,OmniVotingEscrowUpdated
OmniVotingEscrowAdaptor.sol,OmniVotingEscrowAdaptor,setUseZero,OmniVotingEscrowAdaptor,authenticate
OmniVotingEscrowAdaptor.sol,OmniVotingEscrowAdaptor,setUseZero,None,UseZeroUpdated
OmniVotingEscrowAdaptor.sol,OmniVotingEscrowAdaptor,setAdapterParams,OmniVotingEscrowAdaptor,authenticate
OmniVotingEscrowAdaptor.sol,OmniVotingEscrowAdaptor,setAdapterParams,None,AdapterParamsUpdated
OmniVotingEscrowAdaptor.sol,OmniVotingEscrowAdaptor,setZeroPaymentAddress,OmniVotingEscrowAdaptor,authenticate
OmniVotingEscrowAdaptor.sol,OmniVotingEscrowAdaptor,setZeroPaymentAddress,None,ZeroPaymentAddressUpdated
L2BalancerPseudoMinter.sol,L2BalancerPseudoMinter,constructor,L2BalancerPseudoMinter,No Chain
L2BalancerPseudoMinter.sol,L2BalancerPseudoMinter,addGaugeFactory,L2BalancerPseudoMinter,authenticate
L2BalancerPseudoMinter.sol,L2BalancerPseudoMinter,addGaugeFactory,L2BalancerPseudoMinter,GaugeFactoryAdded
L2BalancerPseudoMinter.sol,L2BalancerPseudoMinter,removeGaugeFactory,L2BalancerPseudoMinter,authenticate
L2BalancerPseudoMinter.sol,L2BalancerPseudoMinter,removeGaugeFactory,L2BalancerPseudoMinter,GaugeFactoryRemoved
TestAccessControl.sol,TestAccessControl,_setRoleAdmin,TestAccessControl,RoleAdminChanged
TestAccessControl.sol,TestAccessControl,_grantRole,TestAccessControl,RoleGranted
TestAccessControl.sol,TestAccessControl,_revokeRole,TestAccessControl,RoleRevoked
MockChildChainGauge.sol,MockChildChainGauge,user_checkpoint,MockChildChainGauge,UserCheckpoint
TestBalancerToken.sol,TestBalancerToken,constructor,TestBalancerToken,No Chain
TestBalancerToken.sol,TestBalancerToken,snapshot,TestBalancerToken,Snapshot
MockL2LayerZeroDelegation.sol,MockL2LayerZeroDelegation,onVeBalBridged,MockL2LayerZeroDelegation,OnVeBalBridged
MockL2LayerZeroDelegation.sol,MockL2LayerZeroDelegation,onVeBalSupplyUpdate,MockL2LayerZeroDelegation,OnVeBalSupplyUpdate
MockAvalancheRootGauge.sol,MockAvalancheRootGauge,constructor,MockAvalancheRootGauge,No Chain
MockGaugeController.sol,MockGaugeController,add_gauge,MockGaugeController,NewGauge
TestFeeDistributor.sol,TestFeeDistributor,constructor,TestFeeDistributor,No Chain
MockLiquidityGaugeFactory.sol,MockLiquidityGaugeFactory,constructor,MockLiquidityGaugeFactory,No Chain
MockOmniVotingEscrow.sol,MockOmniVotingEscrow,sendUserBalance,MockOmniVotingEscrow,SendUserBalance
MockRewardTokenDistributor.sol,MockRewardTokenDistributor,deposit_reward_token,MockRewardTokenDistributor,No chain
MockRewardTokenDistributor.sol,MockRewardTokenDistributor,deposit_reward_token,MockRewardTokenDistributor,No chain
MockRewardTokenDistributor.sol,MockRewardTokenDistributor,deposit_reward_token,MockRewardTokenDistributor,No chain
MockBalancerMinter.sol,MockBalancerMinter,constructor,MockBalancerMinter,No Chain
MockBalancerMinter.sol,MockBalancerMinter,_mintFor,MockBalancerMinter,MintFor
MockBalancerMinter.sol,MockBalancerMinter,_mintForMany,MockBalancerMinter,MintForMany
DistributionScheduler.sol,DistributionScheduler,scheduleDistribution,DistributionScheduler,No chain
DistributionScheduler.sol,DistributionScheduler,scheduleDistribution,DistributionScheduler,No chain
DistributionScheduler.sol,DistributionScheduler,scheduleDistribution,DistributionScheduler,No chain
ChildChainGaugeTokenAdder.sol,ChildChainGaugeTokenAdder,constructor,ChildChainGaugeTokenAdder,No Chain
ChildChainGaugeTokenAdder.sol,ChildChainGaugeTokenAdder,addTokenToGauge,ChildChainGaugeTokenAdder,authenticate
AuthorizerAdaptorEntrypoint.sol,AuthorizerAdaptorEntrypoint,performAction,AuthorizerAdaptorEntrypoint,ActionPerformed
GaugeAdder.sol,GaugeAdder,constructor,GaugeAdder,No Chain
GaugeAdder.sol,GaugeAdder,getFactoryForGaugeType,GaugeAdder,withValidGaugeType
GaugeAdder.sol,GaugeAdder,isGaugeFromValidFactory,GaugeAdder,withValidGaugeType
GaugeAdder.sol,GaugeAdder,addGaugeType,GaugeAdder,authenticate
GaugeAdder.sol,GaugeAdder,addGaugeType,None,GaugeTypeAdded
GaugeAdder.sol,GaugeAdder,addGauge,GaugeAdder,authenticate
GaugeAdder.sol,GaugeAdder,addGauge,GaugeAdder,withValidGaugeType
GaugeAdder.sol,GaugeAdder,setGaugeFactory,GaugeAdder,authenticate
GaugeAdder.sol,GaugeAdder,setGaugeFactory,GaugeAdder,withValidGaugeType
GaugeAdder.sol,GaugeAdder,setGaugeFactory,None,GaugeFactorySet
AuthorizerAdaptor.sol,AuthorizerAdaptor,performAction,AuthorizerAdaptor,nonReentrant
FeeDistributor.sol,FeeDistributor,constructor,FeeDistributor,No Chain
FeeDistributor.sol,FeeDistributor,depositToken,FeeDistributor,No chain
FeeDistributor.sol,FeeDistributor,depositToken,FeeDistributor,No chain
FeeDistributor.sol,FeeDistributor,depositToken,FeeDistributor,No chain
FeeDistributor.sol,FeeDistributor,depositToken,FeeDistributor,nonReentrant
FeeDistributor.sol,FeeDistributor,depositTokens,FeeDistributor,No chain
FeeDistributor.sol,FeeDistributor,depositTokens,FeeDistributor,No chain
FeeDistributor.sol,FeeDistributor,depositTokens,FeeDistributor,No chain
FeeDistributor.sol,FeeDistributor,depositTokens,FeeDistributor,nonReentrant
FeeDistributor.sol,FeeDistributor,checkpoint,FeeDistributor,nonReentrant
FeeDistributor.sol,FeeDistributor,checkpointUser,FeeDistributor,nonReentrant
FeeDistributor.sol,FeeDistributor,checkpointToken,FeeDistributor,nonReentrant
FeeDistributor.sol,FeeDistributor,checkpointTokens,FeeDistributor,nonReentrant
FeeDistributor.sol,FeeDistributor,claimToken,FeeDistributor,nonReentrant
FeeDistributor.sol,FeeDistributor,claimToken,FeeDistributor,optionalOnlyCaller
FeeDistributor.sol,FeeDistributor,claimTokens,FeeDistributor,nonReentrant
FeeDistributor.sol,FeeDistributor,claimTokens,FeeDistributor,optionalOnlyCaller
FeeDistributor.sol,FeeDistributor,_claimToken,None,TokensClaimed
FeeDistributor.sol,FeeDistributor,_checkpointToken,FeeDistributor,No chain
FeeDistributor.sol,FeeDistributor,_checkpointToken,FeeDistributor,No chain
FeeDistributor.sol,FeeDistributor,_checkpointToken,None,TokenCheckpointed
L2GaugeCheckpointer.sol,L2GaugeCheckpointer,constructor,L2GaugeCheckpointer,No Chain
L2GaugeCheckpointer.sol,L2GaugeCheckpointer,addGaugesWithVerifiedType,L2GaugeCheckpointer,withValidGaugeType
L2GaugeCheckpointer.sol,L2GaugeCheckpointer,addGaugesWithVerifiedType,L2GaugeCheckpointer,authenticate
L2GaugeCheckpointer.sol,L2GaugeCheckpointer,addGauges,L2GaugeCheckpointer,withValidGaugeType
L2GaugeCheckpointer.sol,L2GaugeCheckpointer,removeGauges,L2GaugeCheckpointer,"->GaugeRemoved(gauge,gaugeType,gaugeType)"
L2GaugeCheckpointer.sol,L2GaugeCheckpointer,removeGauges,L2GaugeCheckpointer,withValidGaugeType
L2GaugeCheckpointer.sol,L2GaugeCheckpointer,removeGauges,None,IL2GaugeCheckpointer.GaugeRemoved
L2GaugeCheckpointer.sol,L2GaugeCheckpointer,hasGauge,L2GaugeCheckpointer,withValidGaugeType
L2GaugeCheckpointer.sol,L2GaugeCheckpointer,getTotalGauges,L2GaugeCheckpointer,withValidGaugeType
L2GaugeCheckpointer.sol,L2GaugeCheckpointer,getGaugeAtIndex,L2GaugeCheckpointer,withValidGaugeType
L2GaugeCheckpointer.sol,L2GaugeCheckpointer,checkpointGaugesAboveRelativeWeight,L2GaugeCheckpointer,No chain
L2GaugeCheckpointer.sol,L2GaugeCheckpointer,checkpointGaugesAboveRelativeWeight,L2GaugeCheckpointer,No chain
L2GaugeCheckpointer.sol,L2GaugeCheckpointer,checkpointGaugesAboveRelativeWeight,L2GaugeCheckpointer,No chain
L2GaugeCheckpointer.sol,L2GaugeCheckpointer,checkpointGaugesAboveRelativeWeight,L2GaugeCheckpointer,No chain
L2GaugeCheckpointer.sol,L2GaugeCheckpointer,checkpointGaugesAboveRelativeWeight,L2GaugeCheckpointer,nonReentrant
L2GaugeCheckpointer.sol,L2GaugeCheckpointer,checkpointGaugesOfTypeAboveRelativeWeight,L2GaugeCheckpointer,nonReentrant
L2GaugeCheckpointer.sol,L2GaugeCheckpointer,checkpointGaugesOfTypeAboveRelativeWeight,L2GaugeCheckpointer,withValidGaugeType
L2GaugeCheckpointer.sol,L2GaugeCheckpointer,checkpointSingleGauge,L2GaugeCheckpointer,nonReentrant
L2GaugeCheckpointer.sol,L2GaugeCheckpointer,_addGauges,L2GaugeCheckpointer,"->GaugeAdded(gauge,gaugeType,gaugeType)"
L2GaugeCheckpointer.sol,L2GaugeCheckpointer,_addGauges,None,IL2GaugeCheckpointer.GaugeAdded
L2GaugeCheckpointer.sol,L2GaugeCheckpointer,_returnLeftoverEthIfAny,L2GaugeCheckpointer,No chain
L2GaugeCheckpointer.sol,L2GaugeCheckpointer,_returnLeftoverEthIfAny,L2GaugeCheckpointer,No chain
BaseGaugeFactory.sol,BaseGaugeFactory,_create,BaseGaugeFactory,GaugeCreated
ChildChainLiquidityGaugeFactory.sol,ChildChainLiquidityGaugeFactory,create,None,RewardsOnlyGaugeCreated
ChildChainGaugeRegistry.sol,ChildChainGaugeRegistry,constructor,ChildChainGaugeRegistry,No Chain
ChildChainGaugeRegistry.sol,ChildChainGaugeRegistry,addGauge,ChildChainGaugeRegistry,authenticate
ChildChainGaugeRegistry.sol,ChildChainGaugeRegistry,addGauge,ChildChainGaugeRegistry,nonReentrant
ChildChainGaugeRegistry.sol,ChildChainGaugeRegistry,addGauge,ChildChainGaugeRegistry,GaugeAdded
ChildChainGaugeRegistry.sol,ChildChainGaugeRegistry,removeGauge,ChildChainGaugeRegistry,authenticate
ChildChainGaugeRegistry.sol,ChildChainGaugeRegistry,removeGauge,ChildChainGaugeRegistry,GaugeRemoved
ChildChainGaugeFactory.sol,ChildChainGaugeFactory,constructor,ChildChainGaugeFactory,No Chain
StakelessGauge.sol,StakelessGauge,checkpoint,StakelessGauge,No chain
StakelessGauge.sol,StakelessGauge,checkpoint,StakelessGauge,No chain
StakelessGauge.sol,StakelessGauge,checkpoint,StakelessGauge,nonReentrant
StakelessGauge.sol,StakelessGauge,checkpoint,StakelessGauge,No chain
StakelessGauge.sol,StakelessGauge,checkpoint,StakelessGauge,No chain
StakelessGauge.sol,StakelessGauge,checkpoint,StakelessGauge,No chain
StakelessGauge.sol,StakelessGauge,checkpoint,StakelessGauge,No chain
StakelessGauge.sol,StakelessGauge,checkpoint,StakelessGauge,Checkpoint
StakelessGauge.sol,StakelessGauge,checkpoint,StakelessGauge,No chain
StakelessGauge.sol,StakelessGauge,checkpoint,StakelessGauge,No chain
StakelessGauge.sol,StakelessGauge,_setRelativeWeightCap,None,RelativeWeightCapChanged
StakelessGauge.sol,StakelessGauge,getCappedRelativeWeight,StakelessGauge,No chain
StakelessGauge.sol,StakelessGauge,getCappedRelativeWeight,StakelessGauge,No chain
StakelessGauge.sol,StakelessGauge,getCappedRelativeWeight,StakelessGauge,No chain
OptimismRootGauge.sol,OptimismRootGauge,constructor,IL1StandardBridge,No chain
OptimismRootGauge.sol,OptimismRootGauge,constructor,OptimismRootGauge,No Chain
OptimismRootGaugeFactory.sol,OptimismRootGaugeFactory,constructor,OptimismRootGaugeFactory,No Chain
OptimismRootGaugeFactory.sol,OptimismRootGaugeFactory,constructor,OptimismRootGaugeFactory,No Chain
OptimismRootGaugeFactory.sol,OptimismRootGaugeFactory,setOptimismGasLimit,OptimismRootGaugeFactory,authenticate
OptimismRootGaugeFactory.sol,OptimismRootGaugeFactory,setOptimismGasLimit,OptimismRootGaugeFactory,OptimismGasLimitModified
ArbitrumRootGaugeFactory.sol,ArbitrumRootGaugeFactory,constructor,ArbitrumRootGaugeFactory,No Chain
ArbitrumRootGaugeFactory.sol,ArbitrumRootGaugeFactory,setArbitrumFees,ArbitrumRootGaugeFactory,authenticate
ArbitrumRootGaugeFactory.sol,ArbitrumRootGaugeFactory,setArbitrumFees,ArbitrumRootGaugeFactory,ArbitrumFeesModified
ArbitrumRootGauge.sol,ArbitrumRootGauge,constructor,ArbitrumRootGauge,No Chain
PolygonRootGauge.sol,PolygonRootGauge,constructor,IPolygonRootChainManager,No chain
PolygonRootGauge.sol,PolygonRootGauge,constructor,PolygonRootGauge,No Chain
PolygonRootGaugeFactory.sol,PolygonRootGaugeFactory,constructor,PolygonRootGaugeFactory,No Chain
PolygonZkEVMRootGaugeFactory.sol,PolygonZkEVMRootGaugeFactory,constructor,PolygonZkEVMRootGaugeFactory,No Chain
PolygonZkEVMRootGauge.sol,PolygonZkEVMRootGauge,constructor,IPolygonZkEVMBridge,No chain
PolygonZkEVMRootGauge.sol,PolygonZkEVMRootGauge,constructor,PolygonZkEVMRootGauge,No Chain
AvalancheRootGauge.sol,AvalancheRootGauge,constructor,IMultichainV4Router,No chain
AvalancheRootGauge.sol,AvalancheRootGauge,constructor,AvalancheRootGauge,No Chain
AvalancheRootGaugeFactory.sol,AvalancheRootGaugeFactory,constructor,AvalancheRootGaugeFactory,No Chain
AvalancheRootGaugeFactory.sol,AvalancheRootGaugeFactory,setAvalancheBridgeLimits,AvalancheRootGaugeFactory,authenticate
AvalancheRootGaugeFactory.sol,AvalancheRootGaugeFactory,setAvalancheBridgeLimits,AvalancheRootGaugeFactory,AvalancheBridgeLimitsModified
SingleRecipientGaugeFactory.sol,SingleRecipientGaugeFactory,constructor,SingleRecipientGaugeFactory,No Chain
LiquidityGaugeFactory.sol,LiquidityGaugeFactory,constructor,LiquidityGaugeFactory,No Chain
SingleRecipientGauge.sol,SingleRecipientGauge,constructor,SingleRecipientGauge,No Chain
GnosisRootGauge.sol,GnosisRootGauge,constructor,IGnosisBridge,No chain
GnosisRootGauge.sol,GnosisRootGauge,constructor,GnosisRootGauge,No Chain
GnosisRootGaugeFactory.sol,GnosisRootGaugeFactory,constructor,GnosisRootGaugeFactory,No Chain
BALTokenHolderFactory.sol,BALTokenHolderFactory,create,BALTokenHolderFactory,BALTokenHolderCreated
ProtocolFeesWithdrawer.sol,ProtocolFeesWithdrawer,constructor,ProtocolFeesWithdrawer,No Chain
ProtocolFeesWithdrawer.sol,ProtocolFeesWithdrawer,withdrawCollectedFees,ProtocolFeesWithdrawer,authenticate
ProtocolFeesWithdrawer.sol,ProtocolFeesWithdrawer,denylistToken,ProtocolFeesWithdrawer,authenticate
ProtocolFeesWithdrawer.sol,ProtocolFeesWithdrawer,allowlistToken,ProtocolFeesWithdrawer,authenticate
ProtocolFeesWithdrawer.sol,ProtocolFeesWithdrawer,allowlistToken,None,TokenAllowlisted
ProtocolFeesWithdrawer.sol,ProtocolFeesWithdrawer,_denylistToken,None,TokenDenylisted
BalancerPoolDataQueries.sol,BalancerPoolDataQueries,getSwapFeePercentageForPools,IPoolWithPercentFee,->percentFee()returns(uint256swapFee)swapFees[i]=swapFee
BalancerPoolDataQueries.sol,BalancerPoolDataQueries,getSwapFeePercentageForPools,IPoolWithSwapFeePercentage,->getSwapFeePercentage()returns(uint256swapFee)swapFees[i]=swapFee
BalancerPoolDataQueries.sol,BalancerPoolDataQueries,_getLinearWrappedTokenRate,ILinearPool,->getWrappedTokenRate()returns(uint256rate)returnrate
BalancerPoolDataQueries.sol,BalancerPoolDataQueries,_getPoolLinearTargets,ILinearPool,->getTargets()
BalancerPoolDataQueries.sol,BalancerPoolDataQueries,_getPoolVirtualSupply,IPoolWithVirtualSupply,->getVirtualSupply()returns(uint256virtualSupply)returnvirtualSupply
BalancerPoolDataQueries.sol,BalancerPoolDataQueries,_getPoolActualSupply,IPoolWithActualSupply,->getActualSupply()returns(uint256actualSupply)returnactualSupply
BalancerPoolDataQueries.sol,BalancerPoolDataQueries,_getPoolScalingFactors,IPoolWithScalingFactors,->getScalingFactors()returns(uint256[]memoryscalingFactors)returnscalingFactors
BalancerPoolDataQueries.sol,BalancerPoolDataQueries,_getPoolNormalizedWeights,IWeightedPool,->getNormalizedWeights()returns(uint256[]memorynormalizedWeights)returnnormalizedWeights
BalancerPoolDataQueries.sol,BalancerPoolDataQueries,_getPoolAmp,IPoolWithAmp,"->getAmplificationParameter()returns(uint256value,bool,uint256)returnvalue"
ProtocolFeePercentagesProvider.sol,ProtocolFeePercentagesProvider,constructor,ProtocolFeePercentagesProvider,No Chain
ProtocolFeePercentagesProvider.sol,ProtocolFeePercentagesProvider,registerFeeType,ProtocolFeePercentagesProvider,authenticate
ProtocolFeePercentagesProvider.sol,ProtocolFeePercentagesProvider,_registerFeeType,None,ProtocolFeeTypeRegistered
ProtocolFeePercentagesProvider.sol,ProtocolFeePercentagesProvider,_registerFeeType,None,ProtocolFeePercentageChanged
ProtocolFeePercentagesProvider.sol,ProtocolFeePercentagesProvider,isValidFeeTypePercentage,ProtocolFeePercentagesProvider,withValidFeeType
ProtocolFeePercentagesProvider.sol,ProtocolFeePercentagesProvider,setFeeTypePercentage,ProtocolFeePercentagesProvider,withValidFeeType
ProtocolFeePercentagesProvider.sol,ProtocolFeePercentagesProvider,setFeeTypePercentage,ProtocolFeePercentagesProvider,authenticate
ProtocolFeePercentagesProvider.sol,ProtocolFeePercentagesProvider,setFeeTypePercentage,None,ProtocolFeePercentageChanged
ProtocolFeePercentagesProvider.sol,ProtocolFeePercentagesProvider,getFeeTypePercentage,ProtocolFeePercentagesProvider,withValidFeeType
ProtocolFeePercentagesProvider.sol,ProtocolFeePercentagesProvider,getFeeTypeMaximumPercentage,ProtocolFeePercentagesProvider,withValidFeeType
ProtocolFeePercentagesProvider.sol,ProtocolFeePercentagesProvider,getFeeTypeName,ProtocolFeePercentagesProvider,withValidFeeType
BalancerQueries.sol,BalancerQueries,constructor,BalancerQueries,No Chain
BALTokenHolder.sol,BALTokenHolder,constructor,BALTokenHolder,No Chain
BALTokenHolder.sol,BALTokenHolder,withdrawFunds,BALTokenHolder,authenticate
BALTokenHolder.sol,BALTokenHolder,sweepTokens,BALTokenHolder,authenticate
PoolRecoveryHelper.sol,PoolRecoveryHelper,constructor,PoolRecoveryHelper,No Chain
PoolRecoveryHelper.sol,PoolRecoveryHelper,addPoolFactory,PoolRecoveryHelper,authenticate
PoolRecoveryHelper.sol,PoolRecoveryHelper,removePoolFactory,PoolRecoveryHelper,authenticate
BatchRelayerLibrary.sol,BatchRelayerLibrary,constructor,BatchRelayerLibrary,No Chain
ProtocolFeeSplitter.sol,ProtocolFeeSplitter,setDaoFundsRecipient,ProtocolFeeSplitter,authenticate
ProtocolFeeSplitter.sol,ProtocolFeeSplitter,setDaoFundsRecipient,None,DAOFundsRecipientChanged
ProtocolFeeSplitter.sol,ProtocolFeeSplitter,setPoolBeneficiary,Pool,->getPool(poolId)
ProtocolFeeSplitter.sol,ProtocolFeeSplitter,setPoolBeneficiary,ProtocolFeeSplitter,No chain
ProtocolFeeSplitter.sol,ProtocolFeeSplitter,setPoolBeneficiary,Pool,"->sender==Pool(pool)->getOwner()||_canPerform(getActionId(this->setPoolBeneficiary->selector),msg->sender),Errors->SENDER_NOT_ALLOWED)"
ProtocolFeeSplitter.sol,ProtocolFeeSplitter,setPoolBeneficiary,ProtocolFeeSplitter,No chain
ProtocolFeeSplitter.sol,ProtocolFeeSplitter,setPoolBeneficiary,Pool,No chain
ProtocolFeeSplitter.sol,ProtocolFeeSplitter,setPoolBeneficiary,ProtocolFeeSplitter,No chain
ProtocolFeeSplitter.sol,ProtocolFeeSplitter,setPoolBeneficiary,ProtocolFeeSplitter,No chain
ProtocolFeeSplitter.sol,ProtocolFeeSplitter,setPoolBeneficiary,ProtocolFeeSplitter,No chain
ProtocolFeeSplitter.sol,ProtocolFeeSplitter,setPoolBeneficiary,Pool,->getPool(poolId);
ProtocolFeeSplitter.sol,ProtocolFeeSplitter,setPoolBeneficiary,None,PoolBeneficiaryChanged
ProtocolFeeSplitter.sol,ProtocolFeeSplitter,setDefaultRevenueSharePercentage,ProtocolFeeSplitter,authenticate
ProtocolFeeSplitter.sol,ProtocolFeeSplitter,setDefaultRevenueSharePercentage,None,DefaultRevenueSharePercentageChanged
ProtocolFeeSplitter.sol,ProtocolFeeSplitter,setRevenueSharePercentage,ProtocolFeeSplitter,authenticate
ProtocolFeeSplitter.sol,ProtocolFeeSplitter,setRevenueSharePercentage,None,PoolRevenueShareChanged
ProtocolFeeSplitter.sol,ProtocolFeeSplitter,clearRevenueSharePercentage,ProtocolFeeSplitter,authenticate
ProtocolFeeSplitter.sol,ProtocolFeeSplitter,clearRevenueSharePercentage,None,PoolRevenueShareCleared
ProtocolFeeSplitter.sol,ProtocolFeeSplitter,getAmounts,Pool,->getPool(poolId)
ProtocolFeeSplitter.sol,ProtocolFeeSplitter,getAmounts,Pool,->getPool(poolId);
ProtocolFeeSplitter.sol,ProtocolFeeSplitter,collectFees,Pool,->getPool(poolId)
ProtocolFeeSplitter.sol,ProtocolFeeSplitter,collectFees,Pool,->getPool(poolId);
ProtocolFeeSplitter.sol,ProtocolFeeSplitter,collectFees,None,FeesCollected
ProtocolIdRegistry.sol,ProtocolIdRegistry,constructor,ProtocolIdRegistry,No Chain
ProtocolIdRegistry.sol,ProtocolIdRegistry,registerProtocolId,ProtocolIdRegistry,authenticate
ProtocolIdRegistry.sol,ProtocolIdRegistry,renameProtocolId,ProtocolIdRegistry,authenticate
ProtocolIdRegistry.sol,ProtocolIdRegistry,_registerProtocolId,None,ProtocolIdRegistered
ProtocolIdRegistry.sol,ProtocolIdRegistry,_renameProtocolId,None,ProtocolIdRenamed
ProtocolIdRegistry.sol,ProtocolIdRegistry,getProtocolName,ProtocolIdRegistry,withValidProtocolId
MockBatchRelayerLibrary.sol,MockBatchRelayerLibrary,constructor,MockBatchRelayerLibrary,No Chain
MockBatchRelayerLibrary.sol,MockBatchRelayerLibrary,getChainedReferenceValue,MockBatchRelayerLibrary,ChainedReferenceValueRead
MockShareToken.sol,MockShareToken,constructor,MockShareToken,No Chain
MockRecoveryRateProviderPool.sol,MockRecoveryRateProviderPool,constructor,MockRecoveryRateProviderPool,No Chain
MockRecoveryRateProviderPoolFactory.sol,MockRecoveryRateProviderPoolFactory,constructor,MockRecoveryRateProviderPoolFactory,No Chain
MockReaperVault.sol,MockReaperVault,constructor,MockReaperVault,No Chain
MockReaperVault.sol,MockReaperVault,deposit,MockReaperVault,No chain
MockReaperVault.sol,MockReaperVault,deposit,MockReaperVault,No chain
MockReaperVault.sol,MockReaperVault,deposit,MockReaperVault,No chain
MockSilo.sol,MockSilo,constructor,MockBaseSilo,No Chain
MockSilo.sol,MockSilo,depositFor,MockSilo,No chain
MockSilo.sol,MockSilo,depositFor,MockSilo,No chain
MockSilo.sol,MockSilo,depositFor,MockSilo,No chain
MockAaveAMPLToken.sol,MockAaveAMPLToken,constructor,MockAaveAMPLToken,No Chain
MockBaseRelayerLibrary.sol,MockBaseRelayerLibrary,constructor,MockBaseRelayerLibrary,No Chain
MockBaseRelayerLibrary.sol,MockBaseRelayerLibrary,getChainedReferenceValue,MockBaseRelayerLibrary,ChainedReferenceValueRead
MockTetuSmartVault.sol,MockTetuSmartVault,constructor,MockTetuSmartVault,No Chain
MockTetuSmartVault.sol,MockTetuSmartVault,underlyingBalanceWithInvestmentForHolder,MockTetuSmartVault,No chain
MockTetuSmartVault.sol,MockTetuSmartVault,underlyingBalanceWithInvestmentForHolder,MockTetuSmartVault,No chain
MockTetuSmartVault.sol,MockTetuSmartVault,deposit,MockTetuSmartVault,No chain
MockTetuSmartVault.sol,MockTetuSmartVault,deposit,MockTetuSmartVault,No chain
MockTetuSmartVault.sol,MockTetuSmartVault,deposit,MockTetuSmartVault,No chain
MockTetuSmartVault.sol,MockTetuSmartVault,_setRate,MockTetuSmartVault,No chain
MockTetuSmartVault.sol,MockTetuSmartVault,_setRate,MockTetuSmartVault,No chain
TestWETH.sol,TestWETH,deposit,TestWETH,Deposit
TestWETH.sol,TestWETH,withdraw,TestWETH,Withdrawal
TestWETH.sol,TestWETH,mint,TestWETH,Deposit
TestWETH.sol,TestWETH,totalSupply,TestWETH,No chain
TestWETH.sol,TestWETH,totalSupply,TestWETH,No chain
TestWETH.sol,TestWETH,approve,None,Approval
TestWETH.sol,TestWETH,transferFrom,None,Transfer
MockEulerToken.sol,MockEulerToken,constructor,MockEulerToken,No Chain
MockStETH.sol,MockStETH,constructor,MockStETH,No Chain
MockStETH.sol,MockStETH,submit,MockStETH,EthStaked
MockStaticATokenLM.sol,MockStaticATokenLM,constructor,MockStaticATokenLM,No Chain
MockStaticATokenLM.sol,MockStaticATokenLM,deposit,MockStaticATokenLM,Deposit
MockStaticATokenLM.sol,MockStaticATokenLM,withdraw,MockStaticATokenLM,Withdraw
MockCToken.sol,MockCToken,constructor,MockCToken,No Chain
MockCToken.sol,MockCToken,mint,MockCToken,No chain
MockCToken.sol,MockCToken,mint,MockCToken,No chain
MockCToken.sol,MockCToken,mint,MockCToken,No chain
MockGearboxVault.sol,MockGearboxVault,addLiquidity,MockGearboxVault,No chain
MockGearboxVault.sol,MockGearboxVault,addLiquidity,MockGearboxVault,No chain
MockGearboxVault.sol,MockGearboxVault,addLiquidity,MockGearboxVault,No chain
MockUnbuttonERC20.sol,MockUnbuttonERC20,constructor,MockUnbuttonERC20,No Chain
MockUnbuttonERC20.sol,MockUnbuttonERC20,initialize,MockUnbuttonERC20,No chain
MockUnbuttonERC20.sol,MockUnbuttonERC20,initialize,MockUnbuttonERC20,No chain
MockUnbuttonERC20.sol,MockUnbuttonERC20,initialize,MockUnbuttonERC20,No chain
MockUnbuttonERC20.sol,MockUnbuttonERC20,_deposit,MockUnbuttonERC20,No chain
MockUnbuttonERC20.sol,MockUnbuttonERC20,_deposit,MockUnbuttonERC20,No chain
MockUnbuttonERC20.sol,MockUnbuttonERC20,_queryUnderlyingBalance,MockUnbuttonERC20,No chain
MockUnbuttonERC20.sol,MockUnbuttonERC20,_queryUnderlyingBalance,MockUnbuttonERC20,No chain
MockEulerProtocol.sol,MockEulerProtocol,requestUnderlyingFromRelayer,MockEulerProtocol,No chain
MockEulerProtocol.sol,MockEulerProtocol,requestUnderlyingFromRelayer,MockEulerProtocol,No chain
MockYearnTokenVault.sol,MockYearnTokenVault,constructor,MockYearnTokenVault,No Chain
MockYearnTokenVault.sol,MockYearnTokenVault,deposit,MockYearnTokenVault,No chain
MockYearnTokenVault.sol,MockYearnTokenVault,deposit,MockYearnTokenVault,No chain
MockYearnTokenVault.sol,MockYearnTokenVault,deposit,MockYearnTokenVault,No chain
MockWstETH.sol,MockWstETH,constructor,MockWstETH,No Chain
MockWstETH.sol,MockWstETH,wrap,MockWstETH,No chain
MockWstETH.sol,MockWstETH,wrap,MockWstETH,No chain
MockWstETH.sol,MockWstETH,wrap,MockWstETH,No chain
MockWstETH.sol,MockWstETH,,MockWstETH,No chain
MockWstETH.sol,MockWstETH,,MockWstETH,No chain
MockWstETH.sol,MockWstETH,,MockWstETH,No chain
MockGearboxDieselToken.sol,MockGearboxDieselToken,constructor,MockGearboxDieselToken,No Chain
AaveWrapping.sol,AaveWrapping,wrapAaveDynamicToken,AaveWrapping,No chain
AaveWrapping.sol,AaveWrapping,wrapAaveDynamicToken,AaveWrapping,No chain
AaveWrapping.sol,AaveWrapping,unwrapAaveStaticToken,AaveWrapping,No chain
AaveWrapping.sol,AaveWrapping,unwrapAaveStaticToken,AaveWrapping,No chain
ReaperWrapping.sol,ReaperWrapping,unwrapReaperVaultToken,ReaperWrapping,No chain
ReaperWrapping.sol,ReaperWrapping,unwrapReaperVaultToken,ReaperWrapping,No chain
ReaperWrapping.sol,ReaperWrapping,wrapReaperVaultToken,ReaperWrapping,No chain
ReaperWrapping.sol,ReaperWrapping,wrapReaperVaultToken,ReaperWrapping,No chain
BaseRelayerLibrary.sol,BaseRelayerLibrary,constructor,BaseRelayerLibrary,No Chain
BaseRelayerLibrary.sol,BaseRelayerLibrary,_pullTokens,BaseRelayerLibrary,No chain
BaseRelayerLibrary.sol,BaseRelayerLibrary,_pullTokens,BaseRelayerLibrary,No chain
BaseRelayerLibrary.sol,BaseRelayerLibrary,_pullTokens,BaseRelayerLibrary,No chain
BaseRelayerLibrary.sol,BaseRelayerLibrary,_pullTokens,BaseRelayerLibrary,No chain
GaugeActions.sol,GaugeActions,gaugeSetMinterApproval,GaugeActions,No chain
GaugeActions.sol,GaugeActions,gaugeSetMinterApproval,GaugeActions,No chain
VaultActions.sol,VaultActions,swap,VaultActions,No chain
VaultActions.sol,VaultActions,swap,VaultActions,No chain
VaultActions.sol,VaultActions,swap,VaultActions,No chain
VaultActions.sol,VaultActions,swap,VaultActions,No chain
VaultActions.sol,VaultActions,batchSwap,VaultActions,No chain
VaultActions.sol,VaultActions,batchSwap,VaultActions,No chain
VaultActions.sol,VaultActions,batchSwap,VaultActions,No chain
VaultActions.sol,VaultActions,batchSwap,VaultActions,No chain
VaultActions.sol,VaultActions,manageUserBalance,VaultActions,No chain
VaultActions.sol,VaultActions,manageUserBalance,VaultActions,No chain
VaultActions.sol,VaultActions,manageUserBalance,VaultActions,No chain
VaultActions.sol,VaultActions,manageUserBalance,VaultActions,No chain
VaultActions.sol,VaultActions,joinPool,VaultActions,No chain
VaultActions.sol,VaultActions,joinPool,VaultActions,No chain
VaultActions.sol,VaultActions,exitPool,VaultActions,No chain
VaultActions.sol,VaultActions,exitPool,VaultActions,No chain
TetuWrapping.sol,TetuWrapping,wrapTetu,TetuWrapping,No chain
TetuWrapping.sol,TetuWrapping,wrapTetu,TetuWrapping,No chain
TetuWrapping.sol,TetuWrapping,unwrapTetu,TetuWrapping,No chain
TetuWrapping.sol,TetuWrapping,unwrapTetu,TetuWrapping,No chain
IBaseRelayerLibrary.sol,IBaseRelayerLibrary,constructor,IBaseRelayerLibrary,No Chain
EulerWrapping.sol,EulerWrapping,wrapEuler,EulerWrapping,No chain
EulerWrapping.sol,EulerWrapping,wrapEuler,EulerWrapping,No chain
EulerWrapping.sol,EulerWrapping,unwrapEuler,EulerWrapping,No chain
EulerWrapping.sol,EulerWrapping,unwrapEuler,EulerWrapping,No chain
LidoWrapping.sol,LidoWrapping,stakeETH,LidoWrapping,No chain
LidoWrapping.sol,LidoWrapping,stakeETH,LidoWrapping,No chain
SiloWrapping.sol,SiloWrapping,unwrapShareToken,SiloWrapping,No chain
SiloWrapping.sol,SiloWrapping,unwrapShareToken,SiloWrapping,No chain
BalancerRelayer.sol,BalancerRelayer,multicall,BalancerRelayer,nonReentrant
BalancerRelayer.sol,BalancerRelayer,_refundETH,BalancerRelayer,No chain
BalancerRelayer.sol,BalancerRelayer,_refundETH,BalancerRelayer,No chain
CompoundV2Wrapping.sol,CompoundV2Wrapping,wrapCompoundV2,CompoundV2Wrapping,No chain
CompoundV2Wrapping.sol,CompoundV2Wrapping,wrapCompoundV2,CompoundV2Wrapping,No chain
CompoundV2Wrapping.sol,CompoundV2Wrapping,unwrapCompoundV2,CompoundV2Wrapping,No chain
CompoundV2Wrapping.sol,CompoundV2Wrapping,unwrapCompoundV2,CompoundV2Wrapping,No chain
ERC4626Wrapping.sol,ERC4626Wrapping,unwrapERC4626,ERC4626Wrapping,No chain
ERC4626Wrapping.sol,ERC4626Wrapping,unwrapERC4626,ERC4626Wrapping,No chain
DoubleEntrypointFixRelayer.sol,DoubleEntrypointFixRelayer,sweepDoubleEntrypointToken,DoubleEntrypointFixRelayer,No chain
DoubleEntrypointFixRelayer.sol,DoubleEntrypointFixRelayer,sweepDoubleEntrypointToken,DoubleEntrypointFixRelayer,No chain
BasePoolMath.t.sol,BasePoolMathJoinExitRoundingTest,testJoinExitProportionalNoProfit,None,log_named_uint
ComposablePoolLib.t.sol,ComposablePoolLibTest,testDropBptFromTokens,ComposablePoolLibTest,log_named_array
ComposablePoolLib.t.sol,ComposablePoolLibTest,testDropBptFromTokens,ComposablePoolLibTest,log_named_array
ComposablePoolLib.t.sol,ComposablePoolLibTest,testDropBptFromTokens,ComposablePoolLibTest,log_named_array
ComposablePoolLib.t.sol,ComposablePoolLibTest,testDropBptFromBalances,ComposablePoolLibTest,log_named_array
ComposablePoolLib.t.sol,ComposablePoolLibTest,testDropBptFromBalances,ComposablePoolLibTest,log_named_array
ComposablePoolLib.t.sol,ComposablePoolLibTest,testDropBptFromBalances,ComposablePoolLibTest,log_named_array
RecoveryMode.sol,RecoveryMode,enableRecoveryMode,RecoveryMode,authenticate
RecoveryMode.sol,RecoveryMode,enableRecoveryMode,None,RecoveryModeStateChanged
RecoveryMode.sol,RecoveryMode,disableRecoveryMode,RecoveryMode,authenticate
RecoveryMode.sol,RecoveryMode,disableRecoveryMode,None,RecoveryModeStateChanged
RecoveryMode.sol,RecoveryMode,_ensureInRecoveryMode,RecoveryMode,->NOT_IN_RECOVERY_MODE)
RecoveryMode.sol,RecoveryMode,_ensureNotInRecoveryMode,RecoveryMode,->IN_RECOVERY_MODE)
BalancerPoolToken.sol,BalancerPoolToken,constructor,BalancerPoolToken,No Chain
BalancerPoolToken.sol,BalancerPoolToken,constructor,BalancerPoolToken,No Chain
NewBasePool.sol,NewBasePool,constructor,NewBasePool,No Chain
NewBasePool.sol,NewBasePool,constructor,NewBasePool,No Chain
NewBasePool.sol,NewBasePool,constructor,NewBasePool,No Chain
NewBasePool.sol,NewBasePool,constructor,NewBasePool,No Chain
NewBasePool.sol,NewBasePool,constructor,NewBasePool,No Chain
NewBasePool.sol,NewBasePool,pause,NewBasePool,authenticate
NewBasePool.sol,NewBasePool,unpause,NewBasePool,authenticate
NewBasePool.sol,NewBasePool,onSwap,NewBasePool,onlyVault
NewBasePool.sol,NewBasePool,onSwap,NewBasePool,onlyVault
NewBasePool.sol,NewBasePool,onJoinPool,NewBasePool,onlyVault
NewBasePool.sol,NewBasePool,onExitPool,NewBasePool,onlyVault
NewBasePool.sol,NewBasePool,_queryAction,NewBasePool,No chain
NewBasePool.sol,NewBasePool,_queryAction,NewBasePool,No chain
NewBasePool.sol,NewBasePool,_queryAction,NewBasePool,No chain
BaseMinimalSwapInfoPool.sol,BaseMinimalSwapInfoPool,onSwap,BaseMinimalSwapInfoPool,onlyVault
BaseGeneralPool.sol,BaseGeneralPool,onSwap,BaseGeneralPool,onlyVault
Version.sol,Version,_setVersion,Version,No chain
BasePool.sol,BasePool,constructor,BasePool,No Chain
BasePool.sol,BasePool,setSwapFeePercentage,BasePool,authenticate
BasePool.sol,BasePool,setSwapFeePercentage,BasePool,whenNotPaused
BasePool.sol,BasePool,_setSwapFeePercentage,BasePool,SwapFeePercentageChanged
BasePool.sol,BasePool,_setRecoveryMode,None,RecoveryModeStateChanged
BasePool.sol,BasePool,pause,BasePool,authenticate
BasePool.sol,BasePool,unpause,BasePool,authenticate
BasePool.sol,BasePool,_isOwnerOnlyAction,BasePool,No chain
BasePool.sol,BasePool,_isOwnerOnlyAction,BasePool,No chain
BasePool.sol,BasePool,_isOwnerOnlyAction,BasePool,No chain
BasePool.sol,BasePool,_isOwnerOnlyAction,BasePool,No chain
BasePool.sol,BasePool,onJoinPool,BasePool,onlyVault
BasePool.sol,BasePool,onExitPool,BasePool,onlyVault
BasePool.sol,BasePool,_queryAction,BasePool,No chain
BasePool.sol,BasePool,_queryAction,BasePool,No chain
BasePool.sol,BasePool,_queryAction,BasePool,No chain
BasePoolAuthorization.sol,BasePoolAuthorization,_canPerform,BasePoolAuthorization,No chain
BasePoolAuthorization.sol,BasePoolAuthorization,_canPerform,BasePoolAuthorization,No chain
MockRecoveryModeStorage.sol,MockRecoveryModeStorage,constructor,MockRecoveryModeStorage,No Chain
MockReentrancyPool.sol,MockReentrancyPool,constructor,MockReentrancyPool,No Chain
MockReentrancyPool.sol,MockReentrancyPool,protectedFunction,MockReentrancyPool,ProtectedFunctionCalled
MockBalancerPoolToken.sol,MockBalancerPoolToken,constructor,MockBalancerPoolToken,No Chain
MockNewBasePool.sol,MockNewBasePool,constructor,MockNewBasePool,No Chain
MockNewBasePool.sol,MockNewBasePool,_onInitializePool,MockNewBasePool,InnerOnInitializePoolCalled
MockNewBasePool.sol,MockNewBasePool,_onSwapMinimal,MockNewBasePool,InnerOnSwapMinimalCalled
MockNewBasePool.sol,MockNewBasePool,_onSwapGeneral,MockNewBasePool,InnerOnSwapGeneralCalled
MockNewBasePool.sol,MockNewBasePool,_onJoinPool,MockNewBasePool,InnerOnJoinPoolCalled
MockNewBasePool.sol,MockNewBasePool,_onExitPool,MockNewBasePool,InnerOnExitPoolCalled
MockNewBasePool.sol,MockNewBasePool,onlyVaultCallable,MockNewBasePool,onlyVault
MockNewBasePool.sol,MockNewBasePool,_doRecoveryModeExit,MockNewBasePool,RecoveryModeExit
MockVault.sol,MockVault,callMinimalPoolSwap,MockVault,Swap
MockVault.sol,MockVault,callGeneralPoolSwap,MockVault,Swap
MockVault.sol,MockVault,callJoinPool,MockVault,PoolBalanceChanged
MockVault.sol,MockVault,callExitPool,MockVault,PoolBalanceChanged
MockVault.sol,MockVault,getActionId,MockVault,No chain
MockVault.sol,MockVault,getActionId,MockVault,No chain
MockVault.sol,MockVault,manageUserBalance,MockVault,nonReentrant
MockVault.sol,MockVault,functionWithHook,MockVault,nonReentrant
MockBasePool.sol,MockBasePool,constructor,MockBasePool,No Chain
MockBasePool.sol,MockBasePool,_onJoinPool,MockBasePool,InnerOnJoinPoolCalled
MockBasePool.sol,MockBasePool,_onExitPool,MockBasePool,InnerOnExitPoolCalled
MockBasePool.sol,MockBasePool,doNotCallInRecovery,MockBasePool,whenNotInRecoveryMode
MockBasePool.sol,MockBasePool,_doRecoveryModeExit,MockBasePool,RecoveryModeExit
MockPoolFactory.sol,MockPoolFactory,constructor,MockPoolFactory,No Chain
MockProtocolFeeCache.sol,MockProtocolFeeCache,constructor,MockProtocolFeeCache,No Chain
MockProtocolFeeCache.sol,MockProtocolFeeCache,_beforeProtocolFeeCacheUpdate,MockProtocolFeeCache,FeesInBeforeHook
ProtocolFeeCache.sol,ProtocolFeeCache,_updateProtocolFeeCache,ProtocolFeeCache,ProtocolFeePercentageCacheUpdated
BasePoolFactory.sol,BasePoolFactory,constructor,BasePoolFactory,No Chain
BasePoolFactory.sol,BasePoolFactory,disable,BasePoolFactory,authenticate
BasePoolFactory.sol,BasePoolFactory,disable,BasePoolFactory,FactoryDisabled
BasePoolFactory.sol,BasePoolFactory,_create,BasePoolFactory,PoolCreated
PoolRegistry.sol,PoolRegistry,registerPool,PoolRegistry,nonReentrant
PoolRegistry.sol,PoolRegistry,registerPool,PoolRegistry,whenNotPaused
PoolRegistry.sol,PoolRegistry,registerPool,None,PoolRegistered
PoolRegistry.sol,PoolRegistry,getPool,PoolRegistry,withRegisteredPool
UserBalance.sol,UserBalance,manageUserBalance,UserBalance,No chain
UserBalance.sol,UserBalance,manageUserBalance,UserBalance,"->DEPOSIT_INTERNAL)_depositToInternalBalance(asset,sender,recipient,amount)"
UserBalance.sol,UserBalance,manageUserBalance,UserBalance,"->TRANSFER_INTERNAL)_transferInternalBalance(token,sender,recipient,amount)"
UserBalance.sol,UserBalance,manageUserBalance,UserBalance,nonReentrant
UserBalance.sol,UserBalance,manageUserBalance,UserBalance,->WITHDRAW_INTERNAL
UserBalance.sol,UserBalance,manageUserBalance,UserBalance,->DEPOSIT_INTERNAL
UserBalance.sol,UserBalance,manageUserBalance,UserBalance,->TRANSFER_INTERNAL
UserBalance.sol,UserBalance,_transferToExternalBalance,None,ExternalBalanceTransfer
UserBalance.sol,UserBalance,_setInternalBalance,None,InternalBalanceChanged
UserBalance.sol,UserBalance,_validateUserBalanceOp,UserBalance,No chain
AssetManagers.sol,AssetManagers,managePoolBalance,AssetManagers,"->sender,Errors->SENDER_NOT_ASSET_MANAGER)"
AssetManagers.sol,AssetManagers,managePoolBalance,AssetManagers,nonReentrant
AssetManagers.sol,AssetManagers,managePoolBalance,AssetManagers,whenNotPaused
AssetManagers.sol,AssetManagers,managePoolBalance,None,PoolBalanceManaged
AssetManagers.sol,AssetManagers,_depositPoolBalance,AssetManagers,No chain
AssetManagers.sol,AssetManagers,_depositPoolBalance,AssetManagers,No chain
AssetManagers.sol,AssetManagers,_depositPoolBalance,AssetManagers,No chain
AssetManagers.sol,AssetManagers,_depositPoolBalance,AssetManagers,No chain
AssetManagers.sol,AssetManagers,_depositPoolBalance,AssetManagers,No chain
AssetManagers.sol,AssetManagers,_depositPoolBalance,AssetManagers,No chain
Fees.sol,Fees,_getProtocolSwapFeePercentage,Fees,->getSwapFeePercentage()
Fees.sol,Fees,_calculateFlashLoanFeeAmount,Fees,->getFlashLoanFeePercentage()
Fees.sol,Fees,_calculateFlashLoanFeeAmount,Fees,->getFlashLoanFeePercentage();
Fees.sol,Fees,_payFeeAmount,Fees,"->safeTransfer(address(getProtocolFeesCollector()),amount)"
ProtocolFeesCollector.sol,ProtocolFeesCollector,constructor,ProtocolFeesCollector,No Chain
ProtocolFeesCollector.sol,ProtocolFeesCollector,withdrawCollectedFees,ProtocolFeesCollector,nonReentrant
ProtocolFeesCollector.sol,ProtocolFeesCollector,withdrawCollectedFees,ProtocolFeesCollector,authenticate
ProtocolFeesCollector.sol,ProtocolFeesCollector,setSwapFeePercentage,ProtocolFeesCollector,authenticate
ProtocolFeesCollector.sol,ProtocolFeesCollector,setSwapFeePercentage,None,SwapFeePercentageChanged
ProtocolFeesCollector.sol,ProtocolFeesCollector,setFlashLoanFeePercentage,ProtocolFeesCollector,authenticate
ProtocolFeesCollector.sol,ProtocolFeesCollector,setFlashLoanFeePercentage,None,FlashLoanFeePercentageChanged
ProtocolFeesCollector.sol,ProtocolFeesCollector,getCollectedFeeAmounts,ProtocolFeesCollector,No chain
ProtocolFeesCollector.sol,ProtocolFeesCollector,getCollectedFeeAmounts,ProtocolFeesCollector,No chain
ProtocolFeesCollector.sol,ProtocolFeesCollector,_canPerform,ProtocolFeesCollector,No chain
ProtocolFeesCollector.sol,ProtocolFeesCollector,_canPerform,ProtocolFeesCollector,No chain
FlashLoans.sol,FlashLoans,flashLoan,FlashLoans,No chain
FlashLoans.sol,FlashLoans,flashLoan,FlashLoans,No chain
FlashLoans.sol,FlashLoans,flashLoan,FlashLoans,No chain
FlashLoans.sol,FlashLoans,flashLoan,FlashLoans,No chain
FlashLoans.sol,FlashLoans,flashLoan,FlashLoans,nonReentrant
FlashLoans.sol,FlashLoans,flashLoan,FlashLoans,whenNotPaused
FlashLoans.sol,FlashLoans,flashLoan,None,FlashLoan
VaultAuthorization.sol,VaultAuthorization,constructor,VaultAuthorization,No Chain
VaultAuthorization.sol,VaultAuthorization,setAuthorizer,VaultAuthorization,nonReentrant
VaultAuthorization.sol,VaultAuthorization,setAuthorizer,VaultAuthorization,authenticate
VaultAuthorization.sol,VaultAuthorization,_setAuthorizer,None,AuthorizerChanged
VaultAuthorization.sol,VaultAuthorization,setRelayerApproval,VaultAuthorization,nonReentrant
VaultAuthorization.sol,VaultAuthorization,setRelayerApproval,VaultAuthorization,whenNotPaused
VaultAuthorization.sol,VaultAuthorization,setRelayerApproval,VaultAuthorization,authenticateFor
VaultAuthorization.sol,VaultAuthorization,setRelayerApproval,None,RelayerApprovalChanged
VaultAuthorization.sol,VaultAuthorization,_canPerform,VaultAuthorization,No chain
VaultAuthorization.sol,VaultAuthorization,_canPerform,VaultAuthorization,No chain
PoolBalances.sol,PoolBalances,joinPool,PoolBalances,whenNotPaused
PoolBalances.sol,PoolBalances,_joinOrExit,PoolBalances,"->MINIMAL_SWAP_INFO)_setMinimalSwapInfoPoolBalances(poolId,tokens,finalBalances)"
PoolBalances.sol,PoolBalances,_joinOrExit,PoolBalances,nonReentrant
PoolBalances.sol,PoolBalances,_joinOrExit,PoolBalances,withRegisteredPool
PoolBalances.sol,PoolBalances,_joinOrExit,PoolBalances,authenticateFor
PoolBalances.sol,PoolBalances,_joinOrExit,None,PoolBalanceChanged
Vault.sol,Vault,constructor,Vault,No Chain
Vault.sol,Vault,setPaused,Vault,nonReentrant
Vault.sol,Vault,setPaused,Vault,authenticate
PoolTokens.sol,PoolTokens,registerTokens,PoolTokens,"->MINIMAL_SWAP_INFO)_registerMinimalSwapInfoPoolTokens(poolId,tokens)"
PoolTokens.sol,PoolTokens,registerTokens,PoolTokens,nonReentrant
PoolTokens.sol,PoolTokens,registerTokens,PoolTokens,whenNotPaused
PoolTokens.sol,PoolTokens,registerTokens,PoolTokens,onlyPool
PoolTokens.sol,PoolTokens,registerTokens,None,TokensRegistered
PoolTokens.sol,PoolTokens,deregisterTokens,PoolTokens,"->MINIMAL_SWAP_INFO)_deregisterMinimalSwapInfoPoolTokens(poolId,tokens)"
PoolTokens.sol,PoolTokens,deregisterTokens,PoolTokens,nonReentrant
PoolTokens.sol,PoolTokens,deregisterTokens,PoolTokens,whenNotPaused
PoolTokens.sol,PoolTokens,deregisterTokens,PoolTokens,onlyPool
PoolTokens.sol,PoolTokens,deregisterTokens,None,TokensDeregistered
PoolTokens.sol,PoolTokens,getPoolTokens,PoolTokens,withRegisteredPool
PoolTokens.sol,PoolTokens,getPoolTokenInfo,PoolTokens,withRegisteredPool
PoolTokens.sol,PoolTokens,_getPoolTokens,PoolTokens,->MINIMAL_SWAP_INFO)return_getMinimalSwapInfoPoolTokens(poolId)
Swaps.sol,Swaps,swap,Swaps,nonReentrant
Swaps.sol,Swaps,swap,Swaps,whenNotPaused
Swaps.sol,Swaps,swap,Swaps,authenticateFor
Swaps.sol,Swaps,batchSwap,Swaps,nonReentrant
Swaps.sol,Swaps,batchSwap,Swaps,whenNotPaused
Swaps.sol,Swaps,batchSwap,Swaps,authenticateFor
Swaps.sol,Swaps,_swapWithPool,None,Swap
Swaps.sol,Swaps,queryBatchSwap,Swaps,No chain
Swaps.sol,Swaps,queryBatchSwap,Swaps,No chain
Swaps.sol,Swaps,queryBatchSwap,Swaps,No chain
AssetTransfersHandler.sol,AssetTransfersHandler,_receiveAsset,AssetTransfersHandler,No chain
AssetTransfersHandler.sol,AssetTransfersHandler,_receiveAsset,AssetTransfersHandler,No chain
AssetTransfersHandler.sol,AssetTransfersHandler,_receiveAsset,AssetTransfersHandler,No chain
AssetTransfersHandler.sol,AssetTransfersHandler,_receiveAsset,AssetTransfersHandler,No chain
AssetTransfersHandler.sol,AssetTransfersHandler,_receiveAsset,AssetTransfersHandler,No chain
AssetTransfersHandler.sol,AssetTransfersHandler,_receiveAsset,AssetTransfersHandler,No chain
AssetTransfersHandler.sol,AssetTransfersHandler,_receiveAsset,AssetTransfersHandler,No chain
AssetTransfersHandler.sol,AssetTransfersHandler,_receiveAsset,AssetTransfersHandler,No chain
AssetTransfersHandler.sol,AssetTransfersHandler,_receiveAsset,AssetTransfersHandler,No chain
AssetTransfersHandler.sol,AssetTransfersHandler,_receiveAsset,AssetTransfersHandler,No chain
AssetTransfersHandler.sol,AssetTransfersHandler,_receiveAsset,AssetTransfersHandler,No chain
AssetTransfersHandler.sol,AssetTransfersHandler,_receiveAsset,AssetTransfersHandler,No chain
MockPool.sol,MockPool,onJoinPool,MockPool,OnJoinPoolCalled
MockPool.sol,MockPool,onExitPool,MockPool,OnExitPoolCalled
MockAuthenticatedContract.sol,MockAuthenticatedContract,constructor,MockAuthenticatedContract,No Chain
MockAuthenticatedContract.sol,MockAuthenticatedContract,protectedFunction,MockAuthenticatedContract,authenticate
MockAuthenticatedContract.sol,MockAuthenticatedContract,protectedFunction,MockAuthenticatedContract,ProtectedFunctionCalled
MockAuthenticatedContract.sol,MockAuthenticatedContract,secondProtectedFunction,MockAuthenticatedContract,authenticate
MockAuthenticatedContract.sol,MockAuthenticatedContract,secondProtectedFunction,MockAuthenticatedContract,SecondProtectedFunctionCalled
MockAssetTransfersHandler.sol,MockAssetTransfersHandler,constructor,MockAssetTransfersHandler,No Chain
MockAssetTransfersHandler.sol,MockAssetTransfersHandler,depositToInternalBalance,MockAssetTransfersHandler,No chain
MockAssetTransfersHandler.sol,MockAssetTransfersHandler,depositToInternalBalance,MockAssetTransfersHandler,No chain
MockFlashLoanRecipient.sol,MockFlashLoanRecipient,receiveFlashLoan,MockFlashLoanRecipient,No chain
MockFlashLoanRecipient.sol,MockFlashLoanRecipient,receiveFlashLoan,MockFlashLoanRecipient,No chain
MockFlashLoanRecipient.sol,MockFlashLoanRecipient,receiveFlashLoan,MockFlashLoanRecipient,No chain
MockFlashLoanRecipient.sol,MockFlashLoanRecipient,receiveFlashLoan,MockFlashLoanRecipient,No chain
MockFlashLoanRecipient.sol,MockFlashLoanRecipient,receiveFlashLoan,MockFlashLoanRecipient,No chain
MockFlashLoanRecipient.sol,MockFlashLoanRecipient,receiveFlashLoan,MockFlashLoanRecipient,No chain
MockFlashLoanRecipient.sol,MockFlashLoanRecipient,receiveFlashLoan,MockFlashLoanRecipient,No chain
MockFlashLoanRecipient.sol,MockFlashLoanRecipient,receiveFlashLoan,MockFlashLoanRecipient,No chain
TimelockExecutionHelper.sol,TimelockExecutionHelper,execute,TimelockExecutionHelper,nonReentrant
TimelockAuthorizerManagement.sol,TimelockAuthorizerManagement,scheduleRootChange,TimelockAuthorizerManagement,No chain
TimelockAuthorizerManagement.sol,TimelockAuthorizerManagement,scheduleRootChange,TimelockAuthorizerManagement,No chain
TimelockAuthorizerManagement.sol,TimelockAuthorizerManagement,scheduleRootChange,TimelockAuthorizerManagement,No chain
TimelockAuthorizerManagement.sol,TimelockAuthorizerManagement,scheduleRootChange,TimelockAuthorizerManagement,No chain
TimelockAuthorizerManagement.sol,TimelockAuthorizerManagement,scheduleRootChange,None,RootChangeScheduled
TimelockAuthorizerManagement.sol,TimelockAuthorizerManagement,setPendingRoot,TimelockAuthorizerManagement,onlyScheduled
TimelockAuthorizerManagement.sol,TimelockAuthorizerManagement,execute,None,ExecutionExecuted
TimelockAuthorizerManagement.sol,TimelockAuthorizerManagement,cancel,None,ExecutionCanceled
TimelockAuthorizerManagement.sol,TimelockAuthorizerManagement,removeCanceler,None,CancelerRemoved
TimelockAuthorizerManagement.sol,TimelockAuthorizerManagement,addGranter,None,GranterAdded
TimelockAuthorizerManagement.sol,TimelockAuthorizerManagement,removeGranter,None,GranterRemoved
TimelockAuthorizerManagement.sol,TimelockAuthorizerManagement,addRevoker,None,RevokerAdded
TimelockAuthorizerManagement.sol,TimelockAuthorizerManagement,removeRevoker,None,RevokerRemoved
TimelockAuthorizerManagement.sol,TimelockAuthorizerManagement,_scheduleWithDelay,None,ExecutorAdded
TimelockAuthorizerManagement.sol,TimelockAuthorizerManagement,_setRoot,None,RootSet
TimelockAuthorizerManagement.sol,TimelockAuthorizerManagement,_addCanceler,None,CancelerAdded
TimelockAuthorizerManagement.sol,TimelockAuthorizerManagement,_setPendingRoot,None,PendingRootSet
TimelockAuthorizer.sol,TimelockAuthorizer,constructor,TimelockAuthorizer,No Chain
TimelockAuthorizer.sol,TimelockAuthorizer,setDelay,TimelockAuthorizer,onlyScheduled
TimelockAuthorizer.sol,TimelockAuthorizer,setDelay,None,ActionDelaySet
TimelockAuthorizer.sol,TimelockAuthorizer,setGrantDelay,TimelockAuthorizer,onlyScheduled
TimelockAuthorizer.sol,TimelockAuthorizer,setGrantDelay,None,GrantDelaySet
TimelockAuthorizer.sol,TimelockAuthorizer,setRevokeDelay,TimelockAuthorizer,onlyScheduled
TimelockAuthorizer.sol,TimelockAuthorizer,setRevokeDelay,None,RevokeDelaySet
TimelockAuthorizer.sol,TimelockAuthorizer,scheduleDelayChange,TimelockAuthorizer,No chain
TimelockAuthorizer.sol,TimelockAuthorizer,scheduleDelayChange,TimelockAuthorizer,No chain
TimelockAuthorizer.sol,TimelockAuthorizer,scheduleDelayChange,TimelockAuthorizer,No chain
TimelockAuthorizer.sol,TimelockAuthorizer,scheduleDelayChange,TimelockAuthorizer,No chain
TimelockAuthorizer.sol,TimelockAuthorizer,scheduleDelayChange,None,DelayChangeScheduled
TimelockAuthorizer.sol,TimelockAuthorizer,scheduleGrantDelayChange,TimelockAuthorizer,No chain
TimelockAuthorizer.sol,TimelockAuthorizer,scheduleGrantDelayChange,TimelockAuthorizer,No chain
TimelockAuthorizer.sol,TimelockAuthorizer,scheduleGrantDelayChange,TimelockAuthorizer,No chain
TimelockAuthorizer.sol,TimelockAuthorizer,scheduleGrantDelayChange,TimelockAuthorizer,No chain
TimelockAuthorizer.sol,TimelockAuthorizer,scheduleGrantDelayChange,None,GrantDelayChangeScheduled
TimelockAuthorizer.sol,TimelockAuthorizer,scheduleRevokeDelayChange,TimelockAuthorizer,No chain
TimelockAuthorizer.sol,TimelockAuthorizer,scheduleRevokeDelayChange,TimelockAuthorizer,No chain
TimelockAuthorizer.sol,TimelockAuthorizer,scheduleRevokeDelayChange,TimelockAuthorizer,No chain
TimelockAuthorizer.sol,TimelockAuthorizer,scheduleRevokeDelayChange,TimelockAuthorizer,No chain
TimelockAuthorizer.sol,TimelockAuthorizer,scheduleRevokeDelayChange,None,RevokeDelayChangeScheduled
TimelockAuthorizer.sol,TimelockAuthorizer,schedule,None,ExecutionScheduled
TimelockAuthorizer.sol,TimelockAuthorizer,grantPermission,None,PermissionGranted
TimelockAuthorizer.sol,TimelockAuthorizer,scheduleGrantPermission,TimelockAuthorizer,No chain
TimelockAuthorizer.sol,TimelockAuthorizer,scheduleGrantPermission,TimelockAuthorizer,No chain
TimelockAuthorizer.sol,TimelockAuthorizer,scheduleGrantPermission,TimelockAuthorizer,No chain
TimelockAuthorizer.sol,TimelockAuthorizer,scheduleGrantPermission,TimelockAuthorizer,No chain
TimelockAuthorizer.sol,TimelockAuthorizer,scheduleGrantPermission,None,GrantPermissionScheduled
TimelockAuthorizer.sol,TimelockAuthorizer,scheduleRevokePermission,TimelockAuthorizer,No chain
TimelockAuthorizer.sol,TimelockAuthorizer,scheduleRevokePermission,TimelockAuthorizer,No chain
TimelockAuthorizer.sol,TimelockAuthorizer,scheduleRevokePermission,TimelockAuthorizer,No chain
TimelockAuthorizer.sol,TimelockAuthorizer,scheduleRevokePermission,TimelockAuthorizer,No chain
TimelockAuthorizer.sol,TimelockAuthorizer,scheduleRevokePermission,None,RevokePermissionScheduled
TimelockAuthorizer.sol,TimelockAuthorizer,_revokePermission,None,PermissionRevoked